Date Collected,Date Received,CowID,Date Sent,Date Approved,ClientID,ProjectNo,Test,S-N Value,DIM,combined_cow,date_collected,year,adj_final_breeding,DSLB,breed_event_id,ai_id,sample_id,sample_class,Result,final_resolved,first_sample_rc,rc_resolved_open,same_combined_cow
2/5/2026,,12913,,,401430,,Pregnancy Test - Milk,0.412,396,12913.0401430.0,2/5/2026,2025,10/18/2025,109,12913.0401430.0_2025_10_2,5,6,last,Pregnant,rc_preg,,,yes-same-test-repeat
2/5/2026,,12913,,,401430,,Pregnancy Test - Milk,0.667,396,12913.0401430.0,2/5/2026,2025,10/18/2025,109,12913.0401430.0_2025_10_2,5,6,last,Pregnant,rc_preg,,,yes-same-test-repeat
2/19/2026,,15013,,,398645,,Pregnancy Test - Milk,0.24,217,15013.0398645.0,2/19/2026,2025,11/19/2025,92,15013.0398645.0_2025_11,1,1,first,Re-Check,rc_unresolved,,,no-cross-client
2/19/2026,,15013,,,401430,,Pregnancy Test - Milk,0.648,91,15013.0401430.0,2/19/2026,2026,1/12/2026,38,15013.0401430.0_2026_1,1,1,first,Pregnant,Pregnant,,,no-cross-client
10/23/2025,,15666,,,398645,,Pregnancy Test - Milk,POS,256,15666.0398645.0,10/23/2025,2025,3/24/2025,213,15666.0398645.0_2025_3,1,2,last,Pregnant,Pregnant,,,no-cross-client
10/23/2025,,15666,,,401430,,Pregnancy Test - Milk,1.12,107,15666.0401430.0,10/23/2025,2025,9/18/2025,35,15666.0401430.0_2025_9,1,1,first,Pregnant,Pregnant,,,no-cross-client
8/28/2025,,15915,,,398645,,Pregnancy Test - Milk,1.14,168,15915.0398645.0,8/28/2025,2025,6/19/2025,70,15915.0398645.0_2025_6,1,1,first,Pregnant,Pregnant,,,no-cross-client
8/28/2025,,15915,,,401430,,Pregnancy Test - Milk,0.421,186,15915.0401430.0,8/28/2025,2025,6/13/2025,76,15915.0401430.0_2025_6,1,2,last,Pregnant,Pregnant,,,no-cross-client
10/9/2025,,16527,,,398645,,Pregnancy Test - Milk,1.918,261,16527.0398645.0,10/9/2025,2025,4/6/2025,186,16527.0398645.0_2025_4,1,1,first,Pregnant,Pregnant,,,no-cross-client
10/9/2025,,16527,,,401430,,Pregnancy Test - Milk,1.66,111,16527.0401430.0,10/9/2025,2025,9/3/2025,36,16527.0401430.0_2025_9,1,1,first,Pregnant,Pregnant,,,no-cross-client
4/2/2026,,16557,,,398645,,Pregnancy Test - Milk,0.368,143,16557.0398645.0,4/2/2026,2026,1/22/2026,70,16557.0398645.0_2026_1,2,1,first,Pregnant,Pregnant,,,no-cross-client
4/2/2026,,16557,,,401430,,Pregnancy Test - Milk,0.387,147,16557.0401430.0,4/2/2026,2026,1/15/2026,77,16557.0401430.0_2026_1,1,2,last,Pregnant,Pregnant,,,no-cross-client
2/5/2026,,17157,,,401430,,Pregnancy Test - Milk,0.332,160,17157.0401430.0,2/5/2026,2025,11/12/2025,84,17157.0401430.0_2025_11,1,3,last,Pregnant,Pregant_with_rc,,,yes-same-test-repeat
2/5/2026,,17157,,,401430,,Pregnancy Test - Milk,0.327,160,17157.0401430.0,2/5/2026,2025,11/12/2025,84,17157.0401430.0_2025_11,1,3,last,Pregnant,Pregant_with_rc,,,yes-same-test-repeat
10/30/2025,,17221,,,398645,,Pregnancy Test - Milk,0.206,264,17221.0398645.0,10/30/2025,2025,8/22/2025,69,17221.0398645.0_2025_8,1,1,first,Re-Check,rc_unresolved,,,no-cross-client
10/30/2025,,17221,,,401430,,Pregnancy Test - Milk,0.136,173,17221.0401430.0,10/30/2025,2025,8/12/2025,79,17221.0401430.0_2025_8,1,3,intermediate,Re-Check,Pregant_with_rc,,,no-cross-client
2/5/2026,,17576,,,401430,,Pregnancy Test - Milk,0.196,249,17576.0401430.0,2/5/2026,2025,12/5/2025,61,17576.0401430.0_2025_12,2,3,intermediate,Re-Check,rc_preg,,,yes-same-test-repeat
2/5/2026,,17576,,,401430,,Pregnancy Test - Milk,0.742,249,17576.0401430.0,2/5/2026,2025,12/5/2025,61,17576.0401430.0_2025_12,2,3,intermediate,Pregnant,rc_preg,,,yes-same-test-repeat
10/23/2025,,17612,,,398645,,Pregnancy Test - Milk,1.512,385,17612.0398645.0,10/23/2025,2025,5/5/2025,171,17612.0398645.0_2025_5,1,2,last,Pregnant,rc_preg,,,no-cross-client
10/23/2025,,17612,,,401430,,Pregnancy Test - Milk,0.026,199,17612.0401430.0,10/23/2025,2025,9/13/2025,40,17612.0401430.0_2025_9,2,1,first,Open,Open,,,no-cross-client
2/5/2026,,17728,,,401430,,Pregnancy Test - Milk,0.456,168,17728.0401430.0,2/5/2026,2025,10/29/2025,98,17728.0401430.0_2025_10,1,5,last,Pregnant,Pregant_with_rc,,,yes-same-test-repeat
2/5/2026,,17728,,,401430,,Pregnancy Test - Milk,0.519,168,17728.0401430.0,2/5/2026,2025,10/29/2025,98,17728.0401430.0_2025_10,1,5,last,Pregnant,Pregant_with_rc,,,yes-same-test-repeat
9/25/2025,,17820,,,398645,,Pregnancy Test - Milk,0.302,152,17820.0398645.0,9/25/2025,2025,6/18/2025,99,17820.0398645.0_2025_6,1,1,first,Pregnant,Pregnant,,,no-cross-client
9/25/2025,,17820,,,401430,,Pregnancy Test - Milk,0.861,111,17820.0401430.0,9/25/2025,2025,8/21/2025,35,17820.0401430.0_2025_8,1,1,first,Pregnant,Pregnant,,,no-cross-client
4/9/2026,,18536,,,398645,,Pregnancy Test - Milk,0.41,190,18536.0398645.0,4/9/2026,2026,3/3/2026,37,18536.0398645.0_2026_3,2,1,first,Pregnant,Pregnant,,,no-cross-client
4/9/2026,,18536,,,401430,,Pregnancy Test - Milk,0.273,118,18536.0401430.0,4/9/2026,2026,2/27/2026,41,18536.0401430.0_2026_2,1,1,first,Pregnant,Pregnant,,,no-cross-client
10/23/2025,,18615,,,398645,,Pregnancy Test - Milk,0.354,211,18615.0398645.0,10/23/2025,2025,8/17/2025,67,18615.0398645.0_2025_8,1,1,first,Pregnant,Pregnant,,,no-cross-client
10/23/2025,,18615,,,401430,,Pregnancy Test - Milk,0.538,140,18615.0401430.0,10/23/2025,2025,9/4/2025,49,18615.0401430.0_2025_9,1,1,first,Pregnant,Pregnant,,,no-cross-client
5/21/2026,,18681,,,398645,,Pregnancy Test - Milk,0.575,185,18681.0398645.0,5/21/2026,2026,3/10/2026,72,18681.0398645.0_2026_3,2,1,first,Pregnant,Pregnant,,,no-cross-client
5/21/2026,,18681,,,401430,,Pregnancy Test - Milk,0.647,257,18681.0401430.0,5/21/2026,2026,4/10/2026,41,18681.0401430.0_2026_4,3,1,first,Pregnant,Pregnant,,,no-cross-client
2/5/2026,,18712,,,401430,,Pregnancy Test - Milk,0.52,228,18712.0401430.0,2/5/2026,2025,11/11/2025,85,18712.0401430.0_2025_11,2,4,last,Pregnant,Pregant_with_rc,,,yes-same-test-repeat
2/5/2026,,18712,,,401430,,Pregnancy Test - Milk,0.663,228,18712.0401430.0,2/5/2026,2025,11/11/2025,85,18712.0401430.0_2025_11,2,4,last,Pregnant,Pregant_with_rc,,,yes-same-test-repeat
5/29/2025,,18871,,,398645,,Pregnancy Test - Milk,0.67,141,18871.0398645.0,5/29/2025,2025,3/19/2025,71,18871.0398645.0_2025_3,1,1,first,Pregnant,Pregnant,,,no-cross-client
5/29/2025,,18871,,,401430,,Pregnancy Test - Milk,0.442,216,18871.0401430.0,5/29/2025,2025,3/16/2025,74,18871.0401430.0_2025_3,1,1,first,Pregnant,Pregnant,,,no-cross-client
10/30/2025,,18921,,,398645,,Pregnancy Test - Milk,1.771,252,18921.0398645.0,10/30/2025,2025,4/30/2025,183,18921.0398645.0_2025_4,1,1,first,Pregnant,Pregnant,,,no-cross-client
10/30/2025,,18921,,,401430,,Pregnancy Test - Milk,0.027,112,18921.0401430.0,10/30/2025,2025,9/22/2025,38,18921.0401430.0_2025_9,1,1,first,Open,Open,,,no-cross-client
1/29/2026,,18977,,,398645,,Pregnancy Test - Milk,1.355,335,18977.0398645.0,1/29/2026,2025,7/26/2025,187,18977.0398645.0_2025_7,1,2,last,Pregnant,Pregnant,,,no-cross-client
1/29/2026,,18977,,,401430,,Pregnancy Test - Milk,0.402,169,18977.0401430.0,1/29/2026,2025,11/15/2025,75,18977.0401430.0_2025_11,1,2,last,Pregnant,Pregnant,,,no-cross-client
12/18/2025,,18992,,,398645,,Pregnancy Test - Milk,0.405,250,18992.0398645.0,12/18/2025,2025,10/10/2025,69,18992.0398645.0_2025_10,1,1,first,Pregnant,Pregnant,,,no-cross-client
12/18/2025,,18992,,,401430,,Pregnancy Test - Milk,0.323,150,18992.0401430.0,12/18/2025,2025,10/2/2025,77,18992.0401430.0_2025_10,1,2,last,Pregnant,Pregnant,,,no-cross-client
4/2/2026,,19134,,,398645,,Pregnancy Test - Milk,POS,260,19134.0398645.0,4/2/2026,2025,10/2/2025,182,19134.0398645.0_2025_10,1,1,first,Pregnant,Pregnant,,,no-cross-client
4/2/2026,,19134,,,401430,,Pregnancy Test - Milk,1.478,124,19134.0401430.0,4/2/2026,2026,2/18/2026,42,19134.0401430.0_2026_2,2,1,first,Pregnant,Pregant_with_rc,,,no-cross-client
3/5/2026,,19163,,,398645,,Pregnancy Test - Milk,0.017,274,19163.0398645.0,3/5/2026,2025,12/25/2025,70,19163.0398645.0_2025_12,1,1,first,Open,Open,,,no-cross-client
3/5/2026,,19163,,,401430,,Pregnancy Test - Milk,1.393,160,19163.0401430.0,3/5/2026,2025,12/24/2025,71,19163.0401430.0_2025_12,1,2,last,Pregnant,Pregnant,,,no-cross-client
4/23/2026,,19305,,,398645,,Pregnancy Test - Milk,0.502,163,19305.0398645.0,4/23/2026,2026,2/15/2026,67,19305.0398645.0_2026_2,2,1,first,Pregnant,Pregnant,,,no-cross-client
4/23/2026,,19305,,,401430,,Pregnancy Test - Milk,0.261,218,19305.0401430.0,4/23/2026,2026,2/8/2026,74,19305.0401430.0_2026_2,2,2,last,Pregnant,Pregnant,,,no-cross-client
6/19/2025,,19432,,,398645,,Pregnancy Test - Milk,POS,347,19432.0398645.0,6/19/2025,2024,12/14/2024,187,19432.0398645.0_2024_12,1,1,first,Pregnant,Pregnant,,,no-cross-client
6/19/2025,,19432,,,401430,,Pregnancy Test - Milk,1.294,195,19432.0401430.0,6/19/2025,2025,5/5/2025,45,19432.0401430.0_2025_5_1,1,1,first,Pregnant,preg_loss_rebred,,,no-cross-client
10/2/2025,,19691,,,398645,,Pregnancy Test - Milk,1.869,272,19691.0398645.0,10/2/2025,2025,2/18/2025,226,19691.0398645.0_2025_2,1,1,first,Pregnant,Pregnant,,,no-cross-client
10/2/2025,,19691,,,401430,,Pregnancy Test - Milk,1.075,270,19691.0401430.0,10/2/2025,2025,8/27/2025,36,19691.0401430.0_2025_8,3,1,first,Pregnant,Pregnant,,,no-cross-client
5/29/2025,,19736,,,398645,,Pregnancy Test - Milk,2.563,291,19736.0398645.0,5/29/2025,2025,5/15/2025,14,19736.0398645.0_2025_5,1,1,first,Pregnant,Pregnant,,,no-cross-client
5/29/2025,,19736,,,401430,,Pregnancy Test - Milk,0.981,121,19736.0401430.0,5/29/2025,2025,4/24/2025,35,19736.0401430.0_2025_4,1,1,first,Pregnant,Pregnant,,,no-cross-client
6/26/2025,,19745,,,398645,,Pregnancy Test - Milk,POS,251,19745.0398645.0,6/26/2025,2024,12/24/2024,184,19745.0398645.0_2024_12,1,1,first,Pregnant,Pregnant,,,no-cross-client
6/26/2025,,19745,,,401430,,Pregnancy Test - Milk,1.266,157,19745.0401430.0,6/26/2025,2025,4/15/2025,72,19745.0401430.0_2025_4,1,1,first,Pregnant,Pregnant,,,no-cross-client
5/29/2025,,19776,,,398645,,Pregnancy Test - Milk,0.397,147,19776.0398645.0,5/29/2025,2025,3/19/2025,71,19776.0398645.0_2025_3,1,1,first,Pregnant,Pregnant,,,no-cross-client
5/29/2025,,19776,,,401430,,Pregnancy Test - Milk,1.038,117,19776.0401430.0,5/29/2025,2025,4/24/2025,35,19776.0401430.0_2025_4,1,1,first,Pregnant,preg_loss_rebred,,,no-cross-client
8/21/2025,,19998,,,398645,,Pregnancy Test - Milk,POS,302,19998.0398645.0,8/21/2025,2025,2/15/2025,187,19998.0398645.0_2025_2,1,1,first,Pregnant,Pregnant,,,no-cross-client
8/21/2025,,19998,,,401430,,Pregnancy Test - Milk,0.574,164,19998.0401430.0,8/21/2025,2025,6/5/2025,77,19998.0401430.0_2025_6,1,2,last,Pregnant,Pregnant,,,no-cross-client
8/28/2025,,20042,,,398645,,Pregnancy Test - Milk,1.509,323,20042.0398645.0,8/28/2025,2025,4/1/2025,149,20042.0398645.0_2025_4,1,1,first,Pregnant,Pregnant,,,no-cross-client
8/28/2025,,20042,,,401430,,Pregnancy Test - Milk,1.296,108,20042.0401430.0,8/28/2025,2025,7/23/2025,36,20042.0401430.0_2025_7,1,1,first,Pregnant,Pregnant,,,no-cross-client
8/21/2025,,20043,,,398645,,Pregnancy Test - Milk,1.82,297,20043.0398645.0,8/21/2025,2025,1/8/2025,225,20043.0398645.0_2025_1,1,1,first,Pregnant,Pregnant,,,no-cross-client
8/21/2025,,20043,,,401430,,Pregnancy Test - Milk,0.092,178,20043.0401430.0,8/21/2025,2025,8/1/2025,20,20043.0401430.0_2025_8_1,2,1,first,Open,Open,,,no-cross-client
7/24/2025,,20102,,,398645,,Pregnancy Test - Milk,1.786,275,20102.0398645.0,7/24/2025,2025,1/8/2025,197,20102.0398645.0_2025_1,1,1,first,Pregnant,Pregnant,,,no-cross-client
7/24/2025,,20102,,,401430,,Pregnancy Test - Milk,0.971,115,20102.0401430.0,7/24/2025,2025,6/18/2025,36,20102.0401430.0_2025_6,1,1,first,Pregnant,Pregnant,,,no-cross-client
2/5/2026,,2018,,,401430,,Pregnancy Test - Milk,0.406,169,2018.0401430.0,2/5/2026,2025,10/29/2025,98,2018.0401430.0_2025_10,1,5,last,Pregnant,Pregant_with_rc,,,yes-same-test-repeat
2/5/2026,,2018,,,401430,,Pregnancy Test - Milk,0.53,169,2018.0401430.0,2/5/2026,2025,10/29/2025,98,2018.0401430.0_2025_10,1,5,last,Pregnant,Pregant_with_rc,,,yes-same-test-repeat
10/3/2025,,20215,,,401430,,Pregnancy Test - Milk,0.556,156,20215.0401430.0,10/3/2025,2025,7/17/2025,78,20215.0401430.0_2025_7,1,2,last,Pregnant,loss,,,yes-same-test-repeat
10/3/2025,,20215,,,401430,,Pregnancy Test - Milk,-0.014,156,20215.0401430.0,10/3/2025,2025,7/17/2025,78,20215.0401430.0_2025_7,1,2,last,Open,loss,,,yes-same-test-repeat
8/21/2025,,20241,,,398645,,Pregnancy Test - Milk,2.175,285,20241.0398645.0,8/21/2025,2025,2/19/2025,183,20241.0398645.0_2025_2,1,1,first,Pregnant,Pregnant,,,no-cross-client
8/21/2025,,20241,,,401430,,Pregnancy Test - Milk,0.027,109,20241.0401430.0,8/21/2025,2025,7/17/2025,35,20241.0401430.0_2025_7,1,1,first,Open,Open,,,no-cross-client
11/27/2025,,20246,,,398645,,Pregnancy Test - Milk,POS,348,20246.0398645.0,11/27/2025,2025,5/26/2025,185,20246.0398645.0_2025_5,1,2,last,Pregnant,Pregnant,,,no-cross-client
11/27/2025,,20246,,,401430,,Pregnancy Test - Milk,0.643,179,20246.0401430.0,11/27/2025,2025,10/13/2025,45,20246.0401430.0_2025_10_1,2,1,first,Pregnant,preg_loss_rebred,,,no-cross-client
10/9/2025,,20339,,,398645,,Pregnancy Test - Milk,1.783,306,20339.0398645.0,10/9/2025,2025,4/10/2025,182,20339.0398645.0_2025_4,1,2,last,Pregnant,Pregnant,,,no-cross-client
10/9/2025,,20339,,,401430,,Pregnancy Test - Milk,0.481,109,20339.0401430.0,10/9/2025,2025,9/4/2025,35,20339.0401430.0_2025_9,1,1,first,Pregnant,preg_loss_rebred,,,no-cross-client
9/25/2025,,20358,,,398645,,Pregnancy Test - Milk,1.937,280,20358.0398645.0,9/25/2025,2025,3/28/2025,181,20358.0398645.0_2025_3,1,2,last,Pregnant,Pregnant,,,no-cross-client
9/25/2025,,20358,,,401430,,Pregnancy Test - Milk,1.346,160,20358.0401430.0,9/25/2025,2025,8/21/2025,35,20358.0401430.0_2025_8,2,1,first,Pregnant,Pregnant,,,no-cross-client
10/9/2025,,20398,,,398645,,Pregnancy Test - Milk,1.344,179,20398.0398645.0,10/9/2025,2025,8/1/2025,69,20398.0398645.0_2025_8,1,1,first,Pregnant,Pregnant,,,no-cross-client
10/9/2025,,20398,,,401430,,Pregnancy Test - Milk,2.603,110,20398.0401430.0,10/9/2025,2025,9/4/2025,35,20398.0401430.0_2025_9,1,1,first,Pregnant,Pregnant,,,no-cross-client
11/6/2025,,20492,,,398645,,Pregnancy Test - Milk,1.335,273,20492.0398645.0,11/6/2025,2025,5/7/2025,183,20492.0398645.0_2025_5,1,2,last,Pregnant,Pregnant,,,no-cross-client
11/6/2025,,20492,,,401430,,Pregnancy Test - Milk,0.79,143,20492.0401430.0,11/6/2025,2025,8/27/2025,71,20492.0401430.0_2025_8,1,2,last,Pregnant,Pregnant,,,no-cross-client
12/4/2025,,20595,,,398645,,Pregnancy Test - Milk,2.242,298,20595.0398645.0,12/4/2025,2025,6/1/2025,186,20595.0398645.0_2025_6,1,2,last,Pregnant,rc_preg,,,no-cross-client
12/4/2025,,20595,,,401430,,Pregnancy Test - Milk,0.708,193,20595.0401430.0,12/4/2025,2025,10/29/2025,36,20595.0401430.0_2025_10,2,1,first,Pregnant,Pregnant,,,no-cross-client
1/23/2026,,20635,,,398645,,Pregnancy Test - Milk,1.443,291,20635.0398645.0,1/23/2026,2025,6/10/2025,227,20635.0398645.0_2025_6,1,2,last,Pregnant,Pregnant,,,no-cross-client
1/23/2026,,20635,,,401430,,Pregnancy Test - Milk,0.012,160,20635.0401430.0,1/23/2026,2025,12/15/2025,39,20635.0401430.0_2025_12,2,1,first,Open,Open,,,no-cross-client
11/27/2025,,20713,,,398645,,Pregnancy Test - Milk,0.372,208,20713.0398645.0,11/27/2025,2025,9/14/2025,74,20713.0398645.0_2025_9,1,1,first,Pregnant,Pregnant,,,no-cross-client
11/27/2025,,20713,,,401430,,Pregnancy Test - Milk,0.22,172,20713.0401430.0,11/27/2025,2025,10/3/2025,55,20713.0401430.0_2025_10_1,1,1,first,Re-Check,rc_rebred,,,no-cross-client
10/30/2025,,20716,,,398645,,Pregnancy Test - Milk,0.308,159,20716.0398645.0,10/30/2025,2025,7/27/2025,95,20716.0398645.0_2025_7,1,1,first,Pregnant,Pregnant,,,no-cross-client
10/30/2025,,20716,,,401430,,Pregnancy Test - Milk,0.004,131,20716.0401430.0,10/30/2025,2025,9/25/2025,35,20716.0401430.0_2025_9,1,1,first,Open,Open,,,no-cross-client
2/26/2026,,20717,,,398645,,Pregnancy Test - Milk,POS,330,20717.0398645.0,2/26/2026,2025,8/27/2025,183,20717.0398645.0_2025_8,1,2,last,Pregnant,Pregnant,,,no-cross-client
2/26/2026,,20717,,,401430,,Pregnancy Test - Milk,-0.024,100,20717.0401430.0,2/26/2026,2026,1/22/2026,35,20717.0401430.0_2026_1,1,1,first,Open,Open,,,no-cross-client
3/26/2026,,20838,,,398645,,Pregnancy Test - Milk,2.303,298,20838.0398645.0,3/26/2026,2025,10/28/2025,149,20838.0398645.0_2025_10,1,2,last,Pregnant,rc_preg,,,no-cross-client
3/26/2026,,20838,,,401430,,Pregnancy Test - Milk,-0.008,217,20838.0401430.0,3/26/2026,2026,2/5/2026,49,20838.0401430.0_2026_2,2,1,first,Open,Open,,,no-cross-client
5/21/2026,,20887,,,398645,,Pregnancy Test - Milk,POS,306,20887.0398645.0,5/21/2026,2026,4/30/2026,21,20887.0398645.0_2026_4,2,1,first,Pregnant,Pregnant,,,no-cross-client
5/21/2026,,20887,,,401430,,Pregnancy Test - Milk,1.39,253,20887.0401430.0,5/21/2026,2026,4/14/2026,37,20887.0401430.0_2026_4,1,1,first,Pregnant,Pregnant,,,no-cross-client
5/21/2026,,21009,,,398645,,Pregnancy Test - Milk,0.498,217,21009.0398645.0,5/21/2026,2026,2/6/2026,104,21009.0398645.0_2026_2,1,1,first,Pregnant,Pregnant,,,no-cross-client
5/21/2026,,21009,,,401430,,Pregnancy Test - Milk,0.736,229,21009.0401430.0,5/21/2026,2026,3/6/2026,75,21009.0401430.0_2026_3,2,2,last,Pregnant,Pregnant,,,no-cross-client
5/7/2026,,21059,,,398645,,Pregnancy Test - Milk,2.731,332,21059.0398645.0,5/7/2026,2025,11/7/2025,181,21059.0398645.0_2025_11,1,1,first,Pregnant,Pregnant,,,no-cross-client
5/7/2026,,21059,,,401430,,Pregnancy Test - Milk,-0.006,168,21059.0401430.0,5/7/2026,2026,4/1/2026,36,21059.0401430.0_2026_4,2,1,first,Open,Open,,,no-cross-client
3/19/2026,,21065,,,398645,,Pregnancy Test - Milk,2.691,261,21065.0398645.0,3/19/2026,2025,9/17/2025,183,21065.0398645.0_2025_9,1,2,last,Pregnant,rc_preg,,,no-cross-client
3/19/2026,,21065,,,401430,,Pregnancy Test - Milk,1.473,117,21065.0401430.0,3/19/2026,2026,2/12/2026,35,21065.0401430.0_2026_2,1,1,first,Pregnant,Pregnant,,,no-cross-client
2/5/2026,,21092,,,401430,,Pregnancy Test - Milk,0.474,166,21092.0401430.0,2/5/2026,2025,11/5/2025,91,21092.0401430.0_2025_11,1,4,last,Pregnant,Pregant_with_rc,,,yes-same-test-repeat
2/5/2026,,21092,,,401430,,Pregnancy Test - Milk,0.5,166,21092.0401430.0,2/5/2026,2025,11/5/2025,91,21092.0401430.0_2025_11,1,4,last,Pregnant,Pregant_with_rc,,,yes-same-test-repeat
5/21/2026,,21167,,,398645,,Pregnancy Test - Milk,2.06,324,21167.0398645.0,5/21/2026,2025,11/18/2025,184,21167.0398645.0_2025_11,1,2,last,Pregnant,rc_preg,,,no-cross-client
5/21/2026,,21167,,,401430,,Pregnancy Test - Milk,1.777,206,21167.0401430.0,5/21/2026,2026,3/6/2026,75,21167.0401430.0_2026_3,1,2,last,Pregnant,Pregnant,,,no-cross-client
2/26/2026,,21186,,,398645,,Pregnancy Test - Milk,1.083,148,21186.0398645.0,2/26/2026,2025,12/19/2025,69,21186.0398645.0_2025_12,2,1,first,Pregnant,Pregnant,,,no-cross-client
2/26/2026,,21186,,,401430,,Pregnancy Test - Milk,0.743,99,21186.0401430.0,2/26/2026,2026,1/22/2026,35,21186.0401430.0_2026_1,1,1,first,Pregnant,Pregnant,,,no-cross-client
5/7/2026,,21191,,,398645,,Pregnancy Test - Milk,1.877,279,21191.0398645.0,5/7/2026,2025,10/14/2025,205,21191.0398645.0_2025_10,2,1,first,Pregnant,Pregnant,,,no-cross-client
5/7/2026,,21191,,,401430,,Pregnancy Test - Milk,0.246,142,21191.0401430.0,5/7/2026,2026,2/23/2026,73,21191.0401430.0_2026_2,1,2,intermediate,Re-Check,Pregant_with_rc,,,no-cross-client
3/5/2026,,21195,,,398645,,Pregnancy Test - Milk,2.393,251,21195.0398645.0,3/5/2026,2026,3/2/2026,3,21195.0398645.0_2026_3,1,1,first,Pregnant,Pregnant,,,no-cross-client
3/5/2026,,21195,,,401430,,Pregnancy Test - Milk,1.008,145,21195.0401430.0,3/5/2026,2025,12/18/2025,77,21195.0401430.0_2025_12,1,2,last,Pregnant,Pregnant,,,no-cross-client
4/30/2026,,21205,,,398645,,Pregnancy Test - Milk,1.286,239,21205.0398645.0,4/30/2026,2025,10/29/2025,183,21205.0398645.0_2025_10,2,2,last,Pregnant,rc_preg,,,no-cross-client
4/30/2026,,21205,,,401430,,Pregnancy Test - Milk,0.49,132,21205.0401430.0,4/30/2026,2026,2/13/2026,76,21205.0401430.0_2026_2,1,2,last,Pregnant,Pregnant,,,no-cross-client
4/23/2026,,21268,,,398645,,Pregnancy Test - Milk,POS,279,21268.0398645.0,4/23/2026,2025,10/23/2025,182,21268.0398645.0_2025_10,1,2,last,Pregnant,Pregnant,,,no-cross-client
4/23/2026,,21268,,,401430,,Pregnancy Test - Milk,0.59,192,21268.0401430.0,4/23/2026,2026,2/5/2026,77,21268.0401430.0_2026_2,2,2,last,Pregnant,Pregnant,,,no-cross-client
2/5/2026,,2137,,,401430,,Pregnancy Test - Milk,0.797,224,2137.0401430.0,2/5/2026,2025,11/8/2025,88,2137.0401430.0_2025_11,1,4,last,Pregnant,Pregant_with_rc,,,yes-same-test-repeat
2/5/2026,,2137,,,401430,,Pregnancy Test - Milk,0.851,224,2137.0401430.0,2/5/2026,2025,11/8/2025,88,2137.0401430.0_2025_11,1,4,last,Pregnant,Pregant_with_rc,,,yes-same-test-repeat
5/21/2026,,21380,,,398645,,Pregnancy Test - Milk,1.043,171,21380.0398645.0,5/21/2026,2025,12/24/2025,148,21380.0398645.0_2025_12,2,1,first,Pregnant,Pregnant,,,no-cross-client
5/21/2026,,21380,,,401430,,Pregnancy Test - Milk,1.155,163,21380.0401430.0,5/21/2026,2026,3/5/2026,77,21380.0401430.0_2026_3,1,2,last,Pregnant,Pregnant,,,no-cross-client
4/2/2026,,21428,,,398645,,Pregnancy Test - Milk,POS,270,21428.0398645.0,4/2/2026,2025,8/5/2025,240,21428.0398645.0_2025_8,1,1,first,Pregnant,Pregnant,,,no-cross-client
4/2/2026,,21428,,,401430,,Pregnancy Test - Milk,1.318,114,21428.0401430.0,4/2/2026,2026,2/24/2026,37,21428.0401430.0_2026_2,1,1,first,Pregnant,Pregnant,,,no-cross-client
4/2/2026,,21633,,,398645,,Pregnancy Test - Milk,0.111,142,21633.0398645.0,4/2/2026,2026,4/2/2026,0,21633.0398645.0_2026_4,2,1,first,Re-Check,rc_unresolved_>_1_bred,,,no-cross-client
4/2/2026,,21633,,,401430,,Pregnancy Test - Milk,1.401,107,21633.0401430.0,4/2/2026,2026,2/23/2026,38,21633.0401430.0_2026_2,1,1,first,Pregnant,Pregnant,,,no-cross-client
2/5/2026,,30009,,,401430,,Pregnancy Test - Milk,0.546,161,30009.0401430.0,2/5/2026,2025,11/5/2025,91,30009.0401430.0_2025_11,1,4,last,Pregnant,Pregant_with_rc,,,yes-same-test-repeat
2/5/2026,,30009,,,401430,,Pregnancy Test - Milk,0.455,161,30009.0401430.0,2/5/2026,2025,11/5/2025,91,30009.0401430.0_2025_11,1,4,last,Pregnant,Pregant_with_rc,,,yes-same-test-repeat
