combined_cow,CowID,ClientID,breeding_date_1,breeding_date_2,raw_gap_days,n_rows_cow,n_breeding_dates,n_adj_events
10126.0401430.0,10126,401430,10/13/2025,10/16/2025,3,3,2,2
10159.0401430.0,10159,401430,7/19/2025,7/21/2025,2,2,2,2
10374.0401430.0,10374,401430,11/24/2025,11/27/2025,3,3,2,2
10393.0401430.0,10393,401430,1/26/2026,1/28/2026,2,2,2,2
10808.0401430.0,10808,401430,1/26/2026,1/28/2026,2,3,3,3
11206.0401430.0,11206,401430,1/26/2026,1/28/2026,2,4,3,3
11303.0401430.0,11303,401430,10/13/2025,10/16/2025,3,3,2,2
11693.0401430.0,11693,401430,10/27/2025,10/30/2025,3,5,2,2
12053.0401430.0,12053,401430,12/30/2025,1/2/2026,3,7,4,4
12122.0401430.0,12122,401430,10/20/2025,10/23/2025,3,2,2,2
12344.0401430.0,12344,401430,12/15/2025,12/18/2025,3,2,2,2
12351.0401430.0,12351,401430,11/24/2025,11/27/2025,3,2,2,2
12401.0401430.0,12401,401430,10/16/2025,10/19/2025,3,2,2,2
12421.0401430.0,12421,401430,10/20/2025,10/23/2025,3,2,2,2
12487.0401430.0,12487,401430,11/24/2025,11/27/2025,3,2,2,2
12499.0401430.0,12499,401430,11/13/2025,11/16/2025,3,4,2,2
12517.0401430.0,12517,401430,10/13/2025,10/16/2025,3,3,2,2
12539.0401430.0,12539,401430,10/18/2025,10/21/2025,3,3,2,2
12540.0401430.0,12540,401430,10/23/2025,10/26/2025,3,4,3,3
12577.0401430.0,12577,401430,7/22/2025,7/24/2025,2,3,3,3
12594.0401430.0,12594,401430,12/10/2025,12/13/2025,3,4,2,2
12595.0401430.0,12595,401430,1/24/2026,1/26/2026,2,2,2,2
12652.0401430.0,12652,401430,10/16/2025,10/19/2025,3,2,2,2
12660.0401430.0,12660,401430,11/19/2025,11/22/2025,3,2,2,2
12707.0401430.0,12707,401430,12/30/2025,1/1/2026,2,5,2,2
12812.0401430.0,12812,401430,1/13/2026,1/15/2026,2,3,2,2
12902.0401430.0,12902,401430,7/22/2025,7/24/2025,2,2,2,2
12913.0401430.0,12913,401430,10/15/2025,10/18/2025,3,12,7,5
12939.0401430.0,12939,401430,2/17/2026,2/19/2026,2,3,3,3
13034.0401430.0,13034,401430,11/19/2025,11/22/2025,3,5,3,3
13089.0401430.0,13089,401430,2/24/2026,2/26/2026,2,4,3,3
13194.0401430.0,13194,401430,7/19/2025,7/21/2025,2,2,2,2
13275.0401430.0,13275,401430,7/22/2025,7/24/2025,2,2,2,2
13358.0401430.0,13358,401430,10/20/2025,10/23/2025,3,2,2,2
13375.0401430.0,13375,401430,1/22/2026,1/24/2026,2,2,2,2
13384.0401430.0,13384,401430,11/24/2025,11/27/2025,3,2,2,2
13421.0401430.0,13421,401430,3/4/2026,3/6/2026,2,5,4,4
13465.0401430.0,13465,401430,7/18/2025,7/20/2025,2,2,2,2
13472.0401430.0,13472,401430,10/17/2025,10/20/2025,3,3,3,3
13474.0401430.0,13474,401430,10/13/2025,10/16/2025,3,4,3,3
13481.0401430.0,13481,401430,2/18/2026,2/20/2026,2,3,2,2
13542.0401430.0,13542,401430,11/24/2025,11/27/2025,3,3,3,3
13713.0401430.0,13713,401430,7/22/2025,7/24/2025,2,2,2,2
13906.0401430.0,13906,401430,2/22/2026,2/24/2026,2,4,4,4
13912.0401430.0,13912,401430,10/20/2025,10/23/2025,3,2,2,2
13940.0401430.0,13940,401430,11/19/2025,11/22/2025,3,4,2,2
13986.0401430.0,13986,401430,10/17/2025,10/20/2025,3,3,3,2
13993.0401430.0,13993,401430,10/13/2025,10/16/2025,3,3,2,2
14066.0401430.0,14066,401430,1/25/2026,1/27/2026,2,2,2,2
14071.0401430.0,14071,401430,10/20/2025,10/23/2025,3,5,4,4
14075.0401430.0,14075,401430,10/20/2025,10/23/2025,3,4,2,2
14105.0401430.0,14105,401430,10/20/2025,10/23/2025,3,4,2,2
14106.0401430.0,14106,401430,10/18/2025,10/21/2025,3,3,3,3
14145.0401430.0,14145,401430,11/24/2025,11/27/2025,3,3,2,2
14231.0401430.0,14231,401430,7/22/2025,7/24/2025,2,2,2,2
14333.0401430.0,14333,401430,7/22/2025,7/24/2025,2,2,2,2
14339.0401430.0,14339,401430,12/15/2025,12/18/2025,3,3,3,3
14365.0401430.0,14365,401430,10/20/2025,10/23/2025,3,2,2,2
14470.0401430.0,14470,401430,10/20/2025,10/23/2025,3,5,2,2
14503.0401430.0,14503,401430,11/24/2025,11/27/2025,3,4,3,3
14511.0401430.0,14511,401430,11/24/2025,11/27/2025,3,3,2,2
14560.0401430.0,14560,401430,11/3/2025,11/6/2025,3,2,2,2
14587.0401430.0,14587,401430,12/15/2025,12/18/2025,3,4,2,2
14609.0401430.0,14609,401430,10/20/2025,10/23/2025,3,2,2,2
14721.0401430.0,14721,401430,10/20/2025,10/23/2025,3,3,2,2
14738.0401430.0,14738,401430,10/15/2025,10/18/2025,3,2,2,2
14827.0401430.0,14827,401430,11/24/2025,11/27/2025,3,3,2,2
14840.0401430.0,14840,401430,11/24/2025,11/27/2025,3,3,2,2
14843.0401430.0,14843,401430,3/4/2026,3/6/2026,2,3,3,3
14983.0401430.0,14983,401430,3/4/2026,3/6/2026,2,3,3,3
14990.0401430.0,14990,401430,12/15/2025,12/18/2025,3,2,2,2
14996.0401430.0,14996,401430,10/28/2025,10/31/2025,3,4,4,4
15011.0401430.0,15011,401430,1/27/2026,1/29/2026,2,3,3,3
15051.0401430.0,15051,401430,1/22/2026,1/24/2026,2,2,2,2
15289.0401430.0,15289,401430,1/10/2026,1/12/2026,2,3,2,2
15311.0401430.0,15311,401430,10/28/2025,10/31/2025,3,3,3,3
15343.0401430.0,15343,401430,7/20/2025,7/22/2025,2,2,2,2
15383.0401430.0,15383,401430,10/15/2025,10/18/2025,3,4,3,3
15400.0401430.0,15400,401430,7/21/2025,7/23/2025,2,4,4,4
15436.0401430.0,15436,401430,12/15/2025,12/18/2025,3,3,3,3
15459.0401430.0,15459,401430,7/22/2025,7/24/2025,2,2,2,2
15510.0401430.0,15510,401430,12/15/2025,12/18/2025,3,4,4,4
15525.0401430.0,15525,401430,10/13/2025,10/16/2025,3,4,2,2
15577.0401430.0,15577,401430,11/22/2025,11/25/2025,3,2,2,2
15579.0401430.0,15579,401430,11/3/2025,11/6/2025,3,2,2,2
15619.0401430.0,15619,401430,1/27/2026,1/29/2026,2,4,3,3
15653.0401430.0,15653,401430,10/17/2025,10/20/2025,3,2,2,2
15689.0401430.0,15689,401430,10/30/2025,11/2/2025,3,6,3,3
15740.0401430.0,15740,401430,11/24/2025,11/27/2025,3,3,3,3
15761.0401430.0,15761,401430,10/16/2025,10/19/2025,3,2,2,2
15845.0401430.0,15845,401430,7/22/2025,7/24/2025,2,2,2,2
15869.0401430.0,15869,401430,10/3/2025,10/5/2025,2,5,4,3
15872.0401430.0,15872,401430,1/26/2026,1/28/2026,2,5,5,5
15952.0401430.0,15952,401430,10/16/2025,10/19/2025,3,2,2,2
15975.0401430.0,15975,401430,11/26/2025,11/29/2025,3,2,2,2
15991.0401430.0,15991,401430,11/24/2025,11/27/2025,3,2,2,2
15998.0401430.0,15998,401430,7/22/2025,7/24/2025,2,2,2,2
16027.0401430.0,16027,401430,10/20/2025,10/23/2025,3,3,2,2
16053.0401430.0,16053,401430,1/26/2026,1/28/2026,2,3,3,3
16067.0401430.0,16067,401430,10/15/2025,10/18/2025,3,3,2,2
16078.0401430.0,16078,401430,10/20/2025,10/23/2025,3,4,3,3
16092.0401430.0,16092,401430,10/19/2025,10/22/2025,3,4,3,2
16108.0401430.0,16108,401430,10/18/2025,10/21/2025,3,3,3,3
16159.0401430.0,16159,401430,10/16/2025,10/19/2025,3,3,3,3
16176.0401430.0,16176,401430,1/21/2026,1/23/2026,2,2,2,2
16216.0401430.0,16216,401430,10/15/2025,10/18/2025,3,3,3,2
16289.0401430.0,16289,401430,10/18/2025,10/21/2025,3,2,2,2
16308.0401430.0,16308,401430,10/20/2025,10/23/2025,3,4,4,3
16320.0401430.0,16320,401430,11/3/2025,11/6/2025,3,5,3,3
16325.0401430.0,16325,401430,1/20/2026,1/22/2026,2,4,2,2
16451.0401430.0,16451,401430,10/20/2025,10/23/2025,3,2,2,2
16454.0401430.0,16454,401430,7/18/2025,7/20/2025,2,3,3,3
16455.0401430.0,16455,401430,1/20/2026,1/22/2026,2,2,2,2
16470.0401430.0,16470,401430,10/18/2025,10/21/2025,3,2,2,2
16523.0401430.0,16523,401430,10/20/2025,10/23/2025,3,2,2,2
16600.0401430.0,16600,401430,1/27/2026,1/29/2026,2,3,3,3
1667.0401430.0,1667,401430,10/27/2025,10/30/2025,3,3,2,2
16707.0401430.0,16707,401430,10/12/2025,10/15/2025,3,3,2,2
16729.0401430.0,16729,401430,1/22/2026,1/24/2026,2,2,2,2
16774.0401430.0,16774,401430,1/25/2026,1/27/2026,2,2,2,2
16826.0401430.0,16826,401430,12/14/2025,12/17/2025,3,4,2,2
16874.0401430.0,16874,401430,1/27/2026,1/29/2026,2,2,2,2
16882.0401430.0,16882,401430,1/27/2026,1/29/2026,2,2,2,2
16918.0401430.0,16918,401430,11/24/2025,11/27/2025,3,3,2,2
16968.0401430.0,16968,401430,1/26/2026,1/28/2026,2,2,2,2
17026.0401430.0,17026,401430,1/23/2026,1/25/2026,2,2,2,2
17093.0401430.0,17093,401430,12/30/2025,1/1/2026,2,5,2,2
17158.0401430.0,17158,401430,7/17/2025,7/19/2025,2,3,3,3
17183.0401430.0,17183,401430,1/25/2026,1/27/2026,2,3,2,2
17193.0401430.0,17193,401430,1/25/2026,1/27/2026,2,2,2,2
17253.0401430.0,17253,401430,7/18/2025,7/20/2025,2,3,3,3
17260.0401430.0,17260,401430,1/25/2026,1/27/2026,2,2,2,2
17339.0401430.0,17339,401430,3/3/2026,3/5/2026,2,3,3,3
17344.0401430.0,17344,401430,11/25/2025,11/28/2025,3,4,4,4
17359.0401430.0,17359,401430,12/15/2025,12/18/2025,3,2,2,2
17381.0401430.0,17381,401430,11/24/2025,11/27/2025,3,3,2,2
17412.0401430.0,17412,401430,7/18/2025,7/20/2025,2,3,3,3
17455.0401430.0,17455,401430,11/20/2025,11/23/2025,3,3,3,3
17462.0401430.0,17462,401430,9/30/2025,10/2/2025,2,4,3,2
17500.0401430.0,17500,401430,1/24/2026,1/26/2026,2,3,3,3
17668.0401430.0,17668,401430,7/21/2025,7/23/2025,2,3,2,2
17673.0401430.0,17673,401430,10/19/2025,10/22/2025,3,4,4,3
17723.0401430.0,17723,401430,12/14/2025,12/17/2025,3,3,3,3
17729.0401430.0,17729,401430,7/22/2025,7/24/2025,2,2,2,2
17731.0401430.0,17731,401430,10/13/2025,10/16/2025,3,3,3,3
17912.0401430.0,17912,401430,7/18/2025,7/20/2025,2,3,3,3
17949.0401430.0,17949,401430,10/31/2025,11/3/2025,3,4,4,4
17955.0401430.0,17955,401430,10/18/2025,10/21/2025,3,5,4,3
18041.0401430.0,18041,401430,1/21/2026,1/23/2026,2,3,3,3
18043.0401430.0,18043,401430,7/22/2025,7/24/2025,2,2,2,2
18157.0401430.0,18157,401430,10/13/2025,10/16/2025,3,4,4,3
18173.0401430.0,18173,401430,7/22/2025,7/24/2025,2,3,3,3
18268.0401430.0,18268,401430,10/20/2025,10/23/2025,3,2,2,2
18273.0401430.0,18273,401430,11/23/2025,11/26/2025,3,3,2,2
18298.0401430.0,18298,401430,10/18/2025,10/21/2025,3,4,3,3
18304.0401430.0,18304,401430,8/27/2025,8/29/2025,2,3,2,2
18308.0401430.0,18308,401430,10/13/2025,10/16/2025,3,3,2,2
18327.0401430.0,18327,401430,10/16/2025,10/19/2025,3,3,3,2
18398.0401430.0,18398,401430,11/24/2025,11/27/2025,3,4,4,3
18409.0401430.0,18409,401430,10/17/2025,10/20/2025,3,3,3,3
18427.0401430.0,18427,401430,10/20/2025,10/23/2025,3,2,2,2
18455.0401430.0,18455,401430,12/15/2025,12/18/2025,3,2,2,2
18468.0401430.0,18468,401430,11/26/2025,11/29/2025,3,2,2,2
18492.0401430.0,18492,401430,10/20/2025,10/23/2025,3,2,2,2
18500.0401430.0,18500,401430,10/3/2025,10/6/2025,3,6,3,3
18521.0401430.0,18521,401430,3/4/2026,3/6/2026,2,2,2,2
18572.0401430.0,18572,401430,10/13/2025,10/16/2025,3,4,2,2
18684.0401430.0,18684,401430,12/16/2025,12/19/2025,3,6,2,2
18695.0401430.0,18695,401430,10/14/2025,10/17/2025,3,2,2,2
18715.0401430.0,18715,401430,10/15/2025,10/18/2025,3,2,2,2
18725.0401430.0,18725,401430,10/13/2025,10/16/2025,3,3,2,2
18734.0401430.0,18734,401430,11/3/2025,11/6/2025,3,4,2,2
1876.0401430.0,1876,401430,7/22/2025,7/24/2025,2,3,3,3
18812.0401430.0,18812,401430,1/13/2026,1/15/2026,2,3,2,2
18874.0401430.0,18874,401430,10/17/2025,10/20/2025,3,2,2,2
18881.0401430.0,18881,401430,10/19/2025,10/22/2025,3,3,3,3
18888.0401430.0,18888,401430,1/22/2026,1/25/2026,3,5,4,4
18911.0401430.0,18911,401430,10/19/2025,10/22/2025,3,2,2,2
18916.0401430.0,18916,401430,10/20/2025,10/23/2025,3,2,2,2
18923.0401430.0,18923,401430,11/24/2025,11/27/2025,3,4,3,3
18970.0401430.0,18970,401430,10/19/2025,10/22/2025,3,2,2,2
19017.0401430.0,19017,401430,11/24/2025,11/27/2025,3,3,3,3
19024.0401430.0,19024,401430,10/13/2025,10/16/2025,3,3,2,2
19084.0401430.0,19084,401430,11/3/2025,11/6/2025,3,4,2,2
19091.0401430.0,19091,401430,12/15/2025,12/18/2025,3,2,2,2
19098.0401430.0,19098,401430,10/19/2025,10/22/2025,3,2,2,2
19238.0401430.0,19238,401430,11/3/2025,11/6/2025,3,3,2,2
19429.0401430.0,19429,401430,12/15/2025,12/18/2025,3,3,3,3
19753.0401430.0,19753,401430,7/22/2025,7/24/2025,2,2,2,2
19950.0401430.0,19950,401430,7/17/2025,7/19/2025,2,2,2,2
20012.0401430.0,20012,401430,10/19/2025,10/22/2025,3,4,4,4
20125.0401430.0,20125,401430,12/15/2025,12/18/2025,3,4,3,3
20170.0401430.0,20170,401430,10/14/2025,10/17/2025,3,2,2,2
20196.0401430.0,20196,401430,10/14/2025,10/17/2025,3,2,2,2
20198.0401430.0,20198,401430,10/18/2025,10/21/2025,3,3,3,2
20246.0401430.0,20246,401430,10/13/2025,10/16/2025,3,4,4,3
20247.0401430.0,20247,401430,7/22/2025,7/24/2025,2,2,2,2
20270.0401430.0,20270,401430,10/19/2025,10/22/2025,3,3,3,3
20284.0401430.0,20284,401430,12/11/2025,12/14/2025,3,5,3,3
20289.0401430.0,20289,401430,10/19/2025,10/22/2025,3,3,3,3
20307.0401430.0,20307,401430,7/16/2025,7/18/2025,2,2,2,2
20473.0401430.0,20473,401430,10/29/2025,11/1/2025,3,4,4,4
20487.0401430.0,20487,401430,10/19/2025,10/22/2025,3,2,2,2
20564.0401430.0,20564,401430,11/1/2025,11/4/2025,3,3,3,3
20602.0401430.0,20602,401430,12/11/2025,12/14/2025,3,5,3,3
20690.0401430.0,20690,401430,10/13/2025,10/16/2025,3,3,3,2
20695.0401430.0,20695,401430,10/15/2025,10/18/2025,3,2,2,2
20719.0401430.0,20719,401430,10/15/2025,10/18/2025,3,2,2,2
20732.0401430.0,20732,401430,10/28/2025,10/31/2025,3,2,2,2
20740.0401430.0,20740,401430,10/30/2025,11/2/2025,3,2,2,2
20761.0401430.0,20761,401430,10/30/2025,11/2/2025,3,5,3,3
20762.0401430.0,20762,401430,10/19/2025,10/22/2025,3,2,2,2
20873.0401430.0,20873,401430,10/19/2025,10/22/2025,3,5,3,2
20877.0401430.0,20877,401430,10/19/2025,10/22/2025,3,2,2,2
20919.0401430.0,20919,401430,10/19/2025,10/22/2025,3,2,2,2
21023.0401430.0,21023,401430,10/19/2025,10/22/2025,3,5,3,2
21049.0401430.0,21049,401430,12/8/2025,12/11/2025,3,5,2,2
21061.0401430.0,21061,401430,11/23/2025,11/26/2025,3,3,3,2
2389.0401430.0,2389,401430,7/19/2025,7/21/2025,2,2,2,2
2992.0401430.0,2992,401430,7/22/2025,7/24/2025,2,2,2,2
30008.0401430.0,30008,401430,11/24/2025,11/27/2025,3,3,2,2
3222.0401430.0,3222,401430,1/13/2026,1/15/2026,2,2,2,2
332087.0401430.0,332087,401430,7/22/2025,7/24/2025,2,2,2,2
3419.0401430.0,3419,401430,10/19/2025,10/22/2025,3,2,2,2
3864.0401430.0,3864,401430,1/27/2026,1/29/2026,2,7,6,6
404.0401430.0,404,401430,7/22/2025,7/24/2025,2,2,2,2
4059.0401430.0,4059,401430,7/19/2025,7/21/2025,2,2,2,2
47729.0401430.0,47729,401430,11/21/2025,11/24/2025,3,5,4,4
5091.0401430.0,5091,401430,11/24/2025,11/27/2025,3,3,3,3
5132.0401430.0,5132,401430,11/24/2025,11/27/2025,3,5,5,5
5274.0401430.0,5274,401430,10/18/2025,10/21/2025,3,2,2,2
5314.0401430.0,5314,401430,1/19/2026,1/21/2026,2,2,2,2
5343.0401430.0,5343,401430,10/19/2025,10/22/2025,3,3,3,3
7708.0401430.0,7708,401430,1/25/2026,1/27/2026,2,3,3,3
7756.0401430.0,7756,401430,11/3/2025,11/6/2025,3,3,2,2
813124.0401430.0,813124,401430,7/22/2025,7/24/2025,2,2,2,2
860.0401430.0,860,401430,10/20/2025,10/23/2025,3,2,2,2
8663.0401430.0,8663,401430,10/15/2025,10/18/2025,3,2,2,2
9190.0401430.0,9190,401430,11/24/2025,11/27/2025,3,3,3,3
9378.0401430.0,9378,401430,11/26/2025,11/29/2025,3,10,4,3
9656.0401430.0,9656,401430,3/4/2026,3/6/2026,2,4,4,4
