,cow_id,breed_event_id,first_recheck_DSLB,resolution_DSLB,days_to_resolution,samples_to_resolution,final_status
0,10008.0392159.0,10008.0392159.0_2021_11_1,78,78,0,2,rc_preg
1,10008.0401430.0,10008.0401430.0_2022_3_2,28,28,0,2,rc_open
2,10058.0401430.0,10058.0401430.0_2023_6_2,40,40,0,1,rc_open
3,10076.0401430.0,10076.0401430.0_2022_7_1,39,39,0,2,rc_open
4,10116.0401430.0,10116.0401430.0_2022_10_1,36,36,0,2,rc_open
5,10116.0401430.0,10116.0401430.0_2023_1_3,39,39,0,2,rc_open
6,10116.0401430.0,10116.0401430.0_2023_3_4,40,40,0,2,rc_open
7,10124.0401430.0,10124.0401430.0_2023_9_3,36,36,0,3,rc_open
8,10131.0401430.0,10131.0401430.0_2022_6_2,32,32,0,1,rc_open
9,10140.0401430.0,10140.0401430.0_2023_4_2,35,35,0,4,rc_loss
10,10147.0401430.0,10147.0401430.0_2022_6_1,35,35,0,2,rc_open
11,10152.0401430.0,10152.0401430.0_2021_12_1,35,35,0,1,rc_open
12,10174.0401430.0,10174.0401430.0_2023_11_4,37,37,0,2,rc_preg
13,10176.0401430.0,10176.0401430.0_2022_10_2,38,38,0,2,rc_open
14,10176.0401430.0,10176.0401430.0_2022_8_1,37,37,0,2,rc_open
15,10203.0401430.0,10203.0401430.0_2022_11_2,39,39,0,5,rc_open
16,10203.0401430.0,10203.0401430.0_2022_9_1,39,39,0,2,rc_open
17,10214.0401430.0,10214.0401430.0_2023_9_2,36,36,0,4,rc_open
18,10216.0401430.0,10216.0401430.0_2021_11_1,78,78,0,2,rc_preg
19,10224.0401430.0,10224.0401430.0_2021_11_1,71,71,0,2,rc_preg
20,10267.0401430.0,10267.0401430.0_2023_6_2,36,36,0,2,rc_open
21,10306.0401430.0,10306.0401430.0_2023_8_2,39,39,0,2,rc_open
22,10318.0401430.0,10318.0401430.0_2021_12_1,35,35,0,2,rc_open
23,10318.0401430.0,10318.0401430.0_2023_5_4,37,37,0,2,rc_open
24,10355.0401430.0,10355.0401430.0_2022_9_1,36,36,0,1,rc_open
25,10375.0401430.0,10375.0401430.0_2023_9_2,36,36,0,2,rc_loss
26,10376.0401430.0,10376.0401430.0_2022_10_3,39,39,0,1,rc_open
27,10376.0401430.0,10376.0401430.0_2022_8_2,36,36,0,4,rc_open
28,10408.0401430.0,10408.0401430.0_2021_11_1,66,66,0,2,rc_preg
29,10411.0401430.0,10411.0401430.0_2022_5_1,35,35,0,1,rc_open
30,10427.0401430.0,10427.0401430.0_2022_9_1,36,36,0,2,rc_open
31,10463.0401430.0,10463.0401430.0_2023_8_2,36,36,0,3,rc_open
32,10463.0401430.0,10463.0401430.0_2024_10_4,36,36,0,2,rc_open
33,10463.0401430.0,10463.0401430.0_2025_4_5,35,35,0,2,rc_open
34,10468.0401430.0,10468.0401430.0_2023_6_2,36,36,0,3,rc_open
35,10468.0401430.0,10468.0401430.0_2023_8_3,36,36,0,2,rc_open
36,10490.0401430.0,10490.0401430.0_2024_9_3,39,39,0,1,rc_open
37,10522.0401430.0,10522.0401430.0_2022_9_1,36,36,0,2,rc_open
38,10528.0401430.0,10528.0401430.0_2022_5_2,35,35,0,4,rc_preg
39,10532.0392159.0,10532.0392159.0_2023_8_2,35,35,0,1,rc_open
40,10567.0401430.0,10567.0401430.0_2022_6_2,37,37,0,2,rc_open
41,10587.0401430.0,10587.0401430.0_2022_9_1,36,36,0,1,rc_open
42,10590.0401430.0,10590.0401430.0_2022_10_2,36,36,0,1,rc_open
43,10597.0401430.0,10597.0401430.0_2024_9_3,41,41,0,4,rc_preg
44,10617.0401430.0,10617.0401430.0_2021_12_1,67,67,0,2,rc_preg
45,10622.0401430.0,10622.0401430.0_2022_12_1,39,39,0,3,rc_preg
46,10629.0401430.0,10629.0401430.0_2022_4_2,28,28,0,1,rc_open
47,10631.0401430.0,10631.0401430.0_2022_2_2,34,34,0,2,rc_open
48,10633.0401430.0,10633.0401430.0_2025_3_3,40,40,0,3,rc_preg
49,10669.0401430.0,10669.0401430.0_2021_12_1,33,33,0,2,rc_open
50,10695.0401430.0,10695.0401430.0_2022_9_1,37,37,0,4,rc_open
51,10699.0401430.0,10699.0401430.0_2022_12_3,36,36,0,2,rc_open
52,10705.0401430.0,10705.0401430.0_2022_9_1,36,36,0,3,rc_open
53,10711.0401430.0,10711.0401430.0_2022_12_2,36,36,0,5,rc_loss
54,10718.0401430.0,10718.0401430.0_2023_7_4,36,36,0,2,rc_open
55,10727.0401430.0,10727.0401430.0_2021_11_1,68,68,0,3,rc_preg
56,10751.0401430.0,10751.0401430.0_2022_9_1,36,36,0,1,rc_open
57,10776.0401430.0,10776.0401430.0_2023_3_3,36,36,0,5,rc_open
58,10790.0401430.0,10790.0401430.0_2022_12_2,36,36,0,4,rc_preg
59,10799.0401430.0,10799.0401430.0_2022_12_2,36,36,0,1,rc_open
60,10802.0401430.0,10802.0401430.0_2024_8_5,40,40,0,2,rc_loss
61,10810.0401430.0,10810.0401430.0_2023_6_3,41,41,0,4,rc_preg
62,10841.0401430.0,10841.0401430.0_2023_3_1,35,35,0,2,rc_open
63,10846.0401430.0,10846.0401430.0_2021_11_1,70,70,0,6,rc_preg
64,10887.0401430.0,10887.0401430.0_2021_12_1,28,28,0,2,rc_loss
65,10955.0401430.0,10955.0401430.0_2021_12_1,67,67,0,2,rc_preg
66,10972.0401430.0,10972.0401430.0_2022_7_1,48,48,0,3,rc_preg
67,10980.0401430.0,10980.0401430.0_2025_1_6,35,35,0,1,rc_open
68,10981.0401430.0,10981.0401430.0_2024_7_5,50,50,0,2,rc_open
69,11036.0401430.0,11036.0401430.0_2022_3_1,29,29,0,2,rc_open
70,11057.0401430.0,11057.0401430.0_2024_7_5,71,71,0,2,rc_preg
71,11067.0401430.0,11067.0401430.0_2023_3_2,35,35,0,3,rc_preg
72,11103.0401430.0,11103.0401430.0_2022_4_1,42,42,0,4,rc_preg
73,11118.0401430.0,11118.0401430.0_2022_5_2,46,46,0,2,rc_open
74,11124.0401430.0,11124.0401430.0_2025_6_4,35,35,0,1,rc_open
75,11125.0401430.0,11125.0401430.0_2023_7_3,41,41,0,1,rc_open
76,11137.0401430.0,11137.0401430.0_2023_4_2,36,36,0,2,rc_open
77,11137.0401430.0,11137.0401430.0_2023_7_3,36,36,0,1,rc_open
78,11137.0401430.0,11137.0401430.0_2023_8_4,35,35,0,2,rc_open
79,11145.0401430.0,11145.0401430.0_2023_5_2,36,36,0,3,rc_open
80,11164.0401430.0,11164.0401430.0_2024_8_3,36,36,0,3,rc_preg
81,11173.0401430.0,11173.0401430.0_2023_5_4,37,37,0,2,rc_open
82,11188.0401430.0,11188.0401430.0_2023_5_2,39,39,0,2,rc_open
83,11195.0401430.0,11195.0401430.0_2022_5_1,38,38,0,3,rc_preg
84,11215.0401430.0,11215.0401430.0_2022_10_1,36,36,0,1,rc_open
85,11289.0401430.0,11289.0401430.0_2022_4_2,28,28,0,2,rc_open
86,11308.0401430.0,11308.0401430.0_2022_5_1,36,36,0,2,rc_open
87,11309.0401430.0,11309.0401430.0_2023_2_2,37,37,0,3,rc_open
88,11318.0401430.0,11318.0401430.0_2024_10_3,35,35,0,2,rc_open
89,11322.0401430.0,11322.0401430.0_2022_4_1,40,40,0,3,rc_preg
90,11348.0401430.0,11348.0401430.0_2023_8_3,36,36,0,2,rc_open
91,11362.0401430.0,11362.0401430.0_2022_5_1,40,40,0,3,rc_open
92,11391.0401430.0,11391.0401430.0_2022_8_1,36,36,0,3,rc_preg
93,11404.0401430.0,11404.0401430.0_2023_3_2,36,36,0,1,rc_open
94,11432.0401430.0,11432.0401430.0_2022_11_3,42,42,0,3,rc_open
95,11448.0401430.0,11448.0401430.0_2023_8_3,36,36,0,2,rc_open
96,11457.0401430.0,11457.0401430.0_2022_10_1,39,39,0,2,rc_open
97,11463.0401430.0,11463.0401430.0_2022_10_1,37,37,0,4,rc_preg
98,11573.0401430.0,11573.0401430.0_2022_4_1,36,36,0,2,rc_open
99,11579.0401430.0,11579.0401430.0_2022_6_1,36,36,0,3,rc_open
100,11584.0401430.0,11584.0401430.0_2022_8_2,39,39,0,1,rc_open
101,11645.0401430.0,11645.0401430.0_2024_11_6,36,36,0,1,rc_open
102,11649.0401430.0,11649.0401430.0_2022_8_1,35,35,0,2,rc_open
103,11655.0401430.0,11655.0401430.0_2022_8_1,35,35,0,2,rc_open
104,11659.0401430.0,11659.0401430.0_2022_8_1,41,41,0,2,rc_open
105,11661.0401430.0,11661.0401430.0_2022_10_1,35,35,0,2,rc_open
106,11673.0401430.0,11673.0401430.0_2022_5_1,39,39,0,2,rc_open
107,11680.0401430.0,11680.0401430.0_2022_11_2,38,38,0,1,rc_open
108,11693.0401430.0,11693.0401430.0_2022_6_1,41,41,0,3,rc_open
109,11695.0401430.0,11695.0401430.0_2023_6_2,36,36,0,2,rc_loss
110,11695.0401430.0,11695.0401430.0_2023_8_3,41,41,0,2,rc_open
111,11705.0401430.0,11705.0401430.0_2022_10_1,35,35,0,3,rc_preg
112,11725.0401430.0,11725.0401430.0_2023_11_3,40,40,0,2,rc_preg
113,11727.0401430.0,11727.0401430.0_2023_7_2,36,36,0,2,rc_open
114,11733.0401430.0,11733.0401430.0_2021_10_1,68,68,0,2,rc_preg
115,11737.0401430.0,11737.0401430.0_2022_7_1,35,35,0,2,rc_open
116,11737.0401430.0,11737.0401430.0_2023_9_3,38,38,0,2,rc_open
117,11743.0401430.0,11743.0401430.0_2023_5_2,36,36,0,3,rc_preg
118,11748.0401430.0,11748.0401430.0_2023_2_3,37,37,0,6,rc_preg
119,11763.0401430.0,11763.0401430.0_2022_7_1,35,35,0,2,rc_loss
120,1178.0392159.0,1178.0392159.0_2022_2_1,35,35,0,2,rc_open
121,11801.0401430.0,11801.0401430.0_2022_8_1,38,38,0,1,rc_open
122,11813.0401430.0,11813.0401430.0_2023_6_2,36,36,0,2,rc_open
123,11837.0401430.0,11837.0401430.0_2024_7_3,72,72,0,2,rc_preg
124,11875.0401430.0,11875.0401430.0_2025_7_4,35,35,0,3,rc_open
125,11877.0401430.0,11877.0401430.0_2023_8_2,38,38,0,2,rc_open
126,1188.0392159.0,1188.0392159.0_2022_12_2,29,29,0,1,rc_open
127,11902.0401430.0,11902.0401430.0_2025_4_4,35,35,0,2,rc_open
128,11941.0401430.0,11941.0401430.0_2022_10_1,36,36,0,1,rc_open
129,11963.0401430.0,11963.0401430.0_2022_12_1,41,41,0,1,rc_open
130,12007.0401430.0,12007.0401430.0_2022_11_2,41,41,0,2,rc_open
131,12019.0401430.0,12019.0401430.0_2022_12_2,85,85,0,1,rc_open
132,12023.0401430.0,12023.0401430.0_2022_7_1,38,38,0,2,rc_open
133,12040.0401430.0,12040.0401430.0_2022_8_1,38,38,0,1,rc_open
134,12043.0401430.0,12043.0401430.0_2021_10_1,70,70,0,2,rc_preg
135,12053.0401430.0,12053.0401430.0_2022_8_1,42,42,0,6,rc_preg
136,12053.0401430.0,12053.0401430.0_2024_7_3,71,71,0,2,rc_preg
137,12053.0401430.0,12053.0401430.0_2025_7_4,40,40,0,3,rc_open
138,12104.0401430.0,12104.0401430.0_2024_10_3,36,36,0,3,rc_preg
139,1211.0392159.0,1211.0392159.0_2023_9_2,36,36,0,1,rc_open
140,12121.0401430.0,12121.0401430.0_2022_11_2,43,43,0,1,rc_open
141,1215.0392159.0,1215.0392159.0_2022_2_1,36,36,0,1,rc_open
142,1217.0401430.0,1217.0401430.0_2022_2_1,29,29,0,2,rc_loss
143,12197.0401430.0,12197.0401430.0_2022_9_1,36,36,0,2,rc_open
144,12209.0401430.0,12209.0401430.0_2021_11_1,70,70,0,2,rc_preg
145,12237.0401430.0,12237.0401430.0_2023_7_2,36,36,0,2,rc_open
146,12240.0401430.0,12240.0401430.0_2024_10_3,44,44,0,5,rc_preg
147,12245.0401430.0,12245.0401430.0_2023_8_2,36,36,0,3,rc_open
148,12261.0401430.0,12261.0401430.0_2022_12_2,36,36,0,2,rc_open
149,12269.0401430.0,12269.0401430.0_2021_12_1,28,28,0,3,rc_preg
150,12271.0401430.0,12271.0401430.0_2023_2_3,40,40,0,3,rc_preg
151,12276.0401430.0,12276.0401430.0_2022_2_2,29,29,0,2,rc_open
152,12278.0401430.0,12278.0401430.0_2023_7_2,37,37,0,2,rc_open
153,12280.0401430.0,12280.0401430.0_2023_10_2,36,36,0,6,rc_preg
154,12297.0401430.0,12297.0401430.0_2023_1_2,35,35,0,2,rc_open
155,12297.0401430.0,12297.0401430.0_2023_4_3,40,40,0,2,rc_open
156,12313.0401430.0,12313.0401430.0_2023_8_2,36,36,0,2,rc_open
157,12410.0401430.0,12410.0401430.0_2021_11_1,71,71,0,3,rc_preg
158,12411.0401430.0,12411.0401430.0_2024_10_4,40,40,0,1,rc_open
159,12420.0401430.0,12420.0401430.0_2021_12_1,35,35,0,2,rc_open
160,12422.0401430.0,12422.0401430.0_2024_10_5,40,40,0,4,rc_preg
161,12433.0401430.0,12433.0401430.0_2025_3_4,38,38,0,2,rc_open
162,12443.0401430.0,12443.0401430.0_2023_2_2,36,36,0,2,rc_open
163,12461.0401430.0,12461.0401430.0_2022_12_2,35,35,0,3,rc_open
164,12464.0401430.0,12464.0401430.0_2021_11_1,66,66,0,4,rc_preg
165,12471.0401430.0,12471.0401430.0_2024_9_4,36,36,0,4,rc_loss
166,12474.0401430.0,12474.0401430.0_2025_7_4,35,35,0,3,rc_open
167,12484.0401430.0,12484.0401430.0_2024_10_4,37,37,0,2,rc_open
168,12492.0401430.0,12492.0401430.0_2023_4_5,36,36,0,2,rc_open
169,12497.0401430.0,12497.0401430.0_2025_2_5,35,35,0,3,rc_preg
170,12518.0401430.0,12518.0401430.0_2024_9_3,36,36,0,2,rc_open
171,12529.0401430.0,12529.0401430.0_2022_10_2,36,36,0,3,rc_open
172,12553.0401430.0,12553.0401430.0_2022_11_2,36,36,0,3,rc_loss
173,12553.0401430.0,12553.0401430.0_2022_9_1,36,36,0,2,rc_open
174,12557.0401430.0,12557.0401430.0_2024_11_5,41,41,0,3,rc_preg
175,12557.0401430.0,12557.0401430.0_2024_9_4,37,37,0,1,rc_open
176,12562.0401430.0,12562.0401430.0_2022_1_1,33,33,0,1,rc_open
177,12572.0401430.0,12572.0401430.0_2022_10_1,37,37,0,7,rc_open
178,12579.0401430.0,12579.0401430.0_2024_11_7,37,37,0,3,rc_preg
179,12587.0401430.0,12587.0401430.0_2022_9_1,35,35,0,1,rc_open
180,12593.0401430.0,12593.0401430.0_2025_2_5,35,35,0,2,rc_open
181,12608.0401430.0,12608.0401430.0_2021_12_1,29,29,0,3,rc_open
182,12646.0401430.0,12646.0401430.0_2025_1_3,35,35,0,4,rc_preg
183,1267.0401430.0,1267.0401430.0_2022_10_2,39,39,0,2,rc_open
184,1267.0401430.0,1267.0401430.0_2022_9_1,35,35,0,1,rc_open
185,12675.0401430.0,12675.0401430.0_2022_11_1,36,36,0,3,rc_preg
186,12677.0401430.0,12677.0401430.0_2021_12_1,35,35,0,3,rc_loss
187,12678.0401430.0,12678.0401430.0_2022_3_2,30,30,0,2,rc_open
188,12679.0401430.0,12679.0401430.0_2023_3_3,35,35,0,3,rc_preg
189,12713.0401430.0,12713.0401430.0_2023_4_3,40,40,0,2,rc_open
190,12739.0392159.0,12739.0392159.0_2022_3_1,36,36,0,2,rc_open
191,12753.0401430.0,12753.0401430.0_2022_11_2,35,35,0,6,rc_preg
192,12760.0401430.0,12760.0401430.0_2022_12_2,36,36,0,1,rc_open
193,12788.0401430.0,12788.0401430.0_2022_11_2,35,35,0,1,rc_open
194,12802.0401430.0,12802.0401430.0_2022_1_1,34,34,0,1,rc_open
195,12804.0401430.0,12804.0401430.0_2025_2_4,35,35,0,2,rc_open
196,12806.0401430.0,12806.0401430.0_2023_2_1,36,36,0,1,rc_open
197,12806.0401430.0,12806.0401430.0_2023_5_2,41,41,0,5,rc_preg
198,12842.0401430.0,12842.0401430.0_2022_1_1,28,28,0,2,rc_open
199,12860.0401430.0,12860.0401430.0_2023_7_3,40,40,0,2,rc_open
200,12886.0401430.0,12886.0401430.0_2022_2_1,28,28,0,2,rc_loss
201,12897.0401430.0,12897.0401430.0_2022_1_1,36,36,0,2,rc_open
202,12909.0401430.0,12909.0401430.0_2024_7_4,71,71,0,2,rc_preg
203,12917.0401430.0,12917.0401430.0_2023_6_3,36,36,0,5,rc_open
204,12929.0401430.0,12929.0401430.0_2021_12_1,28,28,0,3,rc_open
205,12939.0401430.0,12939.0401430.0_2023_6_3,36,36,0,2,rc_open
206,12949.0401430.0,12949.0401430.0_2024_6_5,71,71,0,2,rc_open
207,12984.0401430.0,12984.0401430.0_2022_1_2,28,28,0,2,rc_open
208,12984.0401430.0,12984.0401430.0_2023_3_4,36,36,0,2,rc_open
209,12985.0401430.0,12985.0401430.0_2023_6_2,39,39,0,2,rc_open
210,12994.0401430.0,12994.0401430.0_2023_2_3,35,35,0,1,rc_open
211,13013.0401430.0,13013.0401430.0_2023_3_3,38,38,0,2,rc_open
212,13019.0401430.0,13019.0401430.0_2023_6_3,38,38,0,1,rc_open
213,13021.0401430.0,13021.0401430.0_2022_1_1,29,29,0,1,rc_open
214,13034.0401430.0,13034.0401430.0_2025_8_4,38,38,0,3,rc_loss
215,13044.0401430.0,13044.0401430.0_2022_6_3,35,35,0,2,rc_open
216,1306.0401430.0,1306.0401430.0_2021_11_1,65,65,0,2,rc_preg
217,1306.0401430.0,1306.0401430.0_2022_11_2,36,36,0,4,rc_preg
218,13061.0401430.0,13061.0401430.0_2023_7_5,42,42,0,4,rc_preg
219,13065.0401430.0,13065.0401430.0_2023_2_2,41,41,0,2,rc_open
220,13074.0401430.0,13074.0401430.0_2021_12_1,70,70,0,2,rc_preg
221,13119.0401430.0,13119.0401430.0_2025_2_4,36,36,0,2,rc_open
222,13119.0401430.0,13119.0401430.0_2025_4_5,35,35,0,2,rc_loss
223,13140.0401430.0,13140.0401430.0_2023_9_5,39,39,0,5,rc_preg
224,13150.0401430.0,13150.0401430.0_2022_1_1,28,28,0,2,rc_preg
225,13173.0401430.0,13173.0401430.0_2025_5_4,42,42,0,1,rc_open
226,13176.0401430.0,13176.0401430.0_2023_3_3,36,36,0,2,rc_open
227,13181.0401430.0,13181.0401430.0_2023_3_2,37,37,0,1,rc_open
228,13197.0401430.0,13197.0401430.0_2023_2_3,36,36,0,2,rc_open
229,13228.0401430.0,13228.0401430.0_2023_4_2,36,36,0,5,rc_preg
230,13231.0401430.0,13231.0401430.0_2023_6_4,41,41,0,5,rc_preg
231,13260.0401430.0,13260.0401430.0_2023_2_2,36,36,0,3,rc_open
232,13279.0401430.0,13279.0401430.0_2022_5_2,39,39,0,1,rc_open
233,13292.0401430.0,13292.0401430.0_2024_7_3,65,65,0,2,rc_preg
234,13296.0401430.0,13296.0401430.0_2024_10_5,39,39,0,2,rc_open
235,13310.0401430.0,13310.0401430.0_2023_2_2,36,36,0,1,rc_open
236,13319.0401430.0,13319.0401430.0_2023_6_3,36,36,0,2,rc_open
237,13340.0401430.0,13340.0401430.0_2023_7_2,36,36,0,2,rc_open
238,13344.0401430.0,13344.0401430.0_2023_6_3,36,36,0,1,rc_open
239,13345.0401430.0,13345.0401430.0_2022_2_1,28,28,0,2,rc_open
240,13358.0401430.0,13358.0401430.0_2023_9_4,37,37,0,1,rc_open
241,1337.0401430.0,1337.0401430.0_2023_10_1,36,36,0,2,rc_preg
242,13384.0401430.0,13384.0401430.0_2023_3_1,36,36,0,2,rc_open
243,13393.0401430.0,13393.0401430.0_2023_9_3,37,37,0,2,rc_loss
244,13397.0401430.0,13397.0401430.0_2022_2_1,29,29,0,2,rc_open
245,13400.0401430.0,13400.0401430.0_2022_6_1,39,39,0,6,rc_preg
246,13401.0401430.0,13401.0401430.0_2024_7_4,71,71,0,2,rc_open
247,13411.0401430.0,13411.0401430.0_2023_6_3,41,41,0,7,rc_open
248,13421.0401430.0,13421.0401430.0_2024_7_5,71,71,0,2,rc_open
249,13427.0401430.0,13427.0401430.0_2025_6_4,35,35,0,2,rc_open
250,13438.0401430.0,13438.0401430.0_2025_4_3,77,77,0,2,rc_preg
251,13440.0401430.0,13440.0401430.0_2025_6_3,36,36,0,3,rc_preg
252,13441.0401430.0,13441.0401430.0_2022_6_1,41,41,0,3,rc_preg
253,13449.0401430.0,13449.0401430.0_2025_5_3,34,34,0,3,rc_open
254,13453.0401430.0,13453.0401430.0_2025_5_4,34,34,0,3,rc_open
255,13465.0401430.0,13465.0401430.0_2023_7_3,38,38,0,3,rc_preg
256,13471.0401430.0,13471.0401430.0_2023_2_2,36,36,0,3,rc_preg
257,13475.0401430.0,13475.0401430.0_2023_3_2,36,36,0,2,rc_open
258,13477.0401430.0,13477.0401430.0_2023_7_3,41,41,0,4,rc_open
259,13486.0401430.0,13486.0401430.0_2022_5_2,35,35,0,2,rc_loss
260,13508.0401430.0,13508.0401430.0_2025_5_6,40,40,0,2,rc_open
261,13512.0401430.0,13512.0401430.0_2022_7_2,41,41,0,3,rc_preg
262,13516.0401430.0,13516.0401430.0_2022_7_2,35,35,0,2,rc_open
263,13519.0401430.0,13519.0401430.0_2025_4_3,35,35,0,5,rc_open
264,13520.0401430.0,13520.0401430.0_2022_8_1,39,39,0,1,rc_open
265,13527.0401430.0,13527.0401430.0_2025_1_4,38,38,0,1,rc_open
266,13538.0401430.0,13538.0401430.0_2024_11_8,36,36,0,2,rc_open
267,13544.0401430.0,13544.0401430.0_2022_10_1,35,35,0,1,rc_open
268,13557.0401430.0,13557.0401430.0_2022_8_3,43,43,0,3,rc_preg
269,13593.0401430.0,13593.0401430.0_2023_10_4,40,40,0,2,rc_preg
270,13599.0401430.0,13599.0401430.0_2023_7_3,41,41,0,6,rc_preg
271,13604.0401430.0,13604.0401430.0_2023_3_2,36,36,0,1,rc_open
272,13606.0401430.0,13606.0401430.0_2022_7_1,38,38,0,2,rc_open
273,13606.0401430.0,13606.0401430.0_2023_7_3,37,37,0,2,rc_loss
274,1364.0401430.0,1364.0401430.0_2022_5_2,37,37,0,2,rc_open
275,13642.0401430.0,13642.0401430.0_2022_5_1,35,35,0,2,rc_open
276,1365.0401430.0,1365.0401430.0_2022_3_1,28,28,0,4,rc_preg
277,13652.0401430.0,13652.0401430.0_2025_3_3,40,40,0,2,rc_open
278,13672.0401430.0,13672.0401430.0_2022_7_1,37,37,0,2,rc_open
279,13707.0401430.0,13707.0401430.0_2023_4_2,36,36,0,2,rc_loss
280,13711.0401430.0,13711.0401430.0_2022_11_3,43,43,0,1,rc_open
281,13724.0401430.0,13724.0401430.0_2023_8_3,36,36,0,2,rc_open
282,13729.0401430.0,13729.0401430.0_2023_5_2,36,36,0,1,rc_open
283,13733.0401430.0,13733.0401430.0_2022_10_1,35,35,0,1,rc_open
284,13736.0401430.0,13736.0401430.0_2023_5_2,35,35,0,1,rc_open
285,13775.0401430.0,13775.0401430.0_2022_5_1,42,42,0,2,rc_open
286,13786.0401430.0,13786.0401430.0_2024_8_3,36,36,0,3,rc_loss
287,13792.0401430.0,13792.0401430.0_2022_5_1,37,37,0,1,rc_open
288,13802.0401430.0,13802.0401430.0_2023_5_2,36,36,0,2,rc_open
289,13806.0401430.0,13806.0401430.0_2022_5_1,35,35,0,2,rc_open
290,13816.0401430.0,13816.0401430.0_2022_11_2,38,38,0,4,rc_open
291,13817.0401430.0,13817.0401430.0_2022_6_1,35,35,0,2,rc_open
292,13817.0401430.0,13817.0401430.0_2023_7_3,37,37,0,1,rc_open
293,13828.0401430.0,13828.0401430.0_2023_8_2,36,36,0,1,rc_open
294,13832.0401430.0,13832.0401430.0_2025_5_3,36,36,0,2,rc_loss
295,13844.0401430.0,13844.0401430.0_2023_8_4,36,36,0,3,rc_open
296,13863.0401430.0,13863.0401430.0_2025_1_4,35,35,0,2,rc_open
297,13884.0401430.0,13884.0401430.0_2022_6_1,36,36,0,2,rc_open
298,13896.0401430.0,13896.0401430.0_2022_6_1,35,35,0,2,rc_open
299,13923.0401430.0,13923.0401430.0_2022_7_1,41,41,0,5,rc_preg
300,13924.0401430.0,13924.0401430.0_2023_9_2,37,37,0,2,rc_open
301,13956.0401430.0,13956.0401430.0_2023_11_3,36,36,0,2,rc_preg
302,13957.0401430.0,13957.0401430.0_2023_9_3,41,41,0,2,rc_open
303,13964.0401430.0,13964.0401430.0_2022_6_1,42,42,0,3,rc_preg
304,13968.0401430.0,13968.0401430.0_2022_6_1,35,35,0,1,rc_open
305,13968.0401430.0,13968.0401430.0_2022_7_2,41,41,0,1,rc_open
306,14016.0401430.0,14016.0401430.0_2022_10_2,36,36,0,1,rc_open
307,14016.0401430.0,14016.0401430.0_2022_8_1,36,36,0,2,rc_open
308,14046.0401430.0,14046.0401430.0_2022_7_1,35,35,0,5,rc_loss
309,14047.0401430.0,14047.0401430.0_2023_9_3,38,38,0,3,rc_preg
310,14049.0401430.0,14049.0401430.0_2022_12_3,35,35,0,2,rc_open
311,14049.0401430.0,14049.0401430.0_2023_5_6,36,36,0,3,rc_open
312,14057.0401430.0,14057.0401430.0_2023_10_4,36,36,0,2,rc_open
313,14059.0401430.0,14059.0401430.0_2022_7_1,38,38,0,4,rc_preg
314,1408.0401430.0,1408.0401430.0_2021_11_1,70,70,0,2,rc_preg
315,14088.0401430.0,14088.0401430.0_2022_9_1,35,35,0,1,rc_open
316,14091.0401430.0,14091.0401430.0_2025_6_4,36,36,0,2,rc_open
317,14092.0401430.0,14092.0401430.0_2023_9_2,41,41,0,1,rc_open
318,14093.0401430.0,14093.0401430.0_2024_12_4,35,35,0,2,rc_open
319,14095.0401430.0,14095.0401430.0_2025_7_5,38,38,0,6,rc_preg
320,14104.0401430.0,14104.0401430.0_2023_4_2,36,36,0,2,rc_open
321,14104.0401430.0,14104.0401430.0_2023_7_3,37,37,0,3,rc_preg
322,14144.0401430.0,14144.0401430.0_2023_11_4,36,36,0,2,rc_open
323,14153.0401430.0,14153.0401430.0_2023_8_2,41,41,0,6,rc_preg
324,14160.0401430.0,14160.0401430.0_2023_10_3,37,37,0,2,rc_preg
325,14168.0401430.0,14168.0401430.0_2022_10_2,35,35,0,2,rc_open
326,14168.0401430.0,14168.0401430.0_2022_7_1,35,35,0,5,rc_open
327,14171.0401430.0,14171.0401430.0_2023_8_2,36,36,0,2,rc_open
328,14179.0401430.0,14179.0401430.0_2023_8_2,38,38,0,1,rc_open
329,14187.0401430.0,14187.0401430.0_2022_7_1,35,35,0,2,rc_open
330,14196.0401430.0,14196.0401430.0_2023_7_2,43,43,0,4,rc_open
331,14196.0401430.0,14196.0401430.0_2024_10_4,37,37,0,1,rc_open
332,14198.0401430.0,14198.0401430.0_2023_6_2,36,36,0,2,rc_open
333,14202.0401430.0,14202.0401430.0_2023_9_2,40,40,0,1,rc_open
334,14207.0401430.0,14207.0401430.0_2024_6_3,78,78,0,2,rc_open
335,14218.0401430.0,14218.0401430.0_2023_7_2,36,36,0,2,rc_open
336,14223.0401430.0,14223.0401430.0_2022_8_1,36,36,0,2,rc_open
337,14234.0401430.0,14234.0401430.0_2023_8_2,40,40,0,1,rc_open
338,14247.0401430.0,14247.0401430.0_2023_10_3,40,40,0,2,rc_preg
339,14261.0401430.0,14261.0401430.0_2024_11_4,40,40,0,2,rc_open
340,14263.0401430.0,14263.0401430.0_2025_1_5,36,36,0,1,rc_open
341,14272.0401430.0,14272.0401430.0_2022_8_1,36,36,0,2,rc_open
342,14276.0401430.0,14276.0401430.0_2023_8_2,40,40,0,2,rc_open
343,14288.0401430.0,14288.0401430.0_2025_1_3,40,40,0,2,rc_open
344,14290.0401430.0,14290.0401430.0_2023_10_2,36,36,0,3,rc_preg
345,14310.0401430.0,14310.0401430.0_2022_10_1,35,35,0,2,rc_open
346,14355.0401430.0,14355.0401430.0_2023_10_2,40,40,0,3,rc_preg
347,14360.0401430.0,14360.0401430.0_2023_9_2,36,36,0,2,rc_open
348,1438.0392159.0,1438.0392159.0_2025_2_3,36,36,0,1,rc_open
349,14383.0401430.0,14383.0401430.0_2022_10_1,39,39,0,3,rc_preg
350,14389.0401430.0,14389.0401430.0_2022_9_1,38,38,0,3,rc_preg
351,14399.0401430.0,14399.0401430.0_2023_2_2,38,38,0,5,rc_open
352,14429.0401430.0,14429.0401430.0_2025_6_4,40,40,0,2,rc_open
353,14429.0401430.0,14429.0401430.0_2025_7_5,36,36,0,4,rc_preg
354,14436.0401430.0,14436.0401430.0_2023_8_2,38,38,0,1,rc_open
355,14445.0401430.0,14445.0401430.0_2022_12_2,36,36,0,3,rc_open
356,14445.0401430.0,14445.0401430.0_2022_9_1,36,36,0,2,rc_open
357,1448.0401430.0,1448.0401430.0_2023_6_4,38,38,0,1,rc_open
358,14482.0401430.0,14482.0401430.0_2022_12_1,36,36,0,1,rc_open
359,14497.0401430.0,14497.0401430.0_2022_12_1,37,37,0,7,rc_loss
360,14499.0401430.0,14499.0401430.0_2023_5_3,40,40,0,2,rc_open
361,14512.0401430.0,14512.0401430.0_2023_10_2,37,37,0,3,rc_preg
362,14518.0401430.0,14518.0401430.0_2023_2_1,35,35,0,2,rc_open
363,14518.0401430.0,14518.0401430.0_2025_8_4,35,35,0,2,rc_open
364,14529.0401430.0,14529.0401430.0_2023_9_2,36,36,0,1,rc_open
365,14529.0401430.0,14529.0401430.0_2024_10_4,36,36,0,1,rc_open
366,14532.0401430.0,14532.0401430.0_2023_10_2,36,36,0,2,rc_preg
367,14537.0401430.0,14537.0401430.0_2023_5_3,40,40,0,2,rc_open
368,14538.0401430.0,14538.0401430.0_2022_9_1,36,36,0,4,rc_open
369,14541.0401430.0,14541.0401430.0_2024_12_2,35,35,0,1,rc_open
370,14547.0401430.0,14547.0401430.0_2023_7_2,37,37,0,2,rc_open
371,14554.0401430.0,14554.0401430.0_2023_10_2,35,35,0,2,rc_preg
372,14602.0401430.0,14602.0401430.0_2023_6_3,39,39,0,1,rc_open
373,14605.0401430.0,14605.0401430.0_2022_10_1,35,35,0,2,rc_open
374,14612.0401430.0,14612.0401430.0_2025_2_4,37,37,0,3,rc_preg
375,14617.0401430.0,14617.0401430.0_2023_1_2,38,38,0,2,rc_open
376,14632.0401430.0,14632.0401430.0_2022_12_1,36,36,0,2,rc_open
377,14650.0401430.0,14650.0401430.0_2022_12_1,36,36,0,3,rc_open
378,14657.0401430.0,14657.0401430.0_2022_11_1,43,43,0,3,rc_loss
379,14659.0401430.0,14659.0401430.0_2023_2_2,43,43,0,5,rc_preg
380,14666.0401430.0,14666.0401430.0_2023_9_2,36,36,0,3,rc_loss
381,14673.0401430.0,14673.0401430.0_2023_10_2,36,36,0,2,rc_preg
382,14678.0401430.0,14678.0401430.0_2023_9_2,36,36,0,1,rc_open
383,14689.0401430.0,14689.0401430.0_2022_10_1,35,35,0,2,rc_open
384,14751.0401430.0,14751.0401430.0_2025_3_2,36,36,0,1,rc_open
385,14752.0401430.0,14752.0401430.0_2023_11_2,39,39,0,2,rc_preg
386,14778.0401430.0,14778.0401430.0_2022_8_1,41,41,0,1,rc_open
387,14794.0401430.0,14794.0401430.0_2023_9_2,36,36,0,2,rc_open
388,14811.0401430.0,14811.0401430.0_2022_10_1,41,41,0,4,rc_preg
389,14847.0401430.0,14847.0401430.0_2023_5_4,40,40,0,4,rc_open
390,14849.0401430.0,14849.0401430.0_2022_10_1,35,35,0,1,rc_open
391,14852.0401430.0,14852.0401430.0_2023_2_2,43,43,0,2,rc_open
392,14864.0401430.0,14864.0401430.0_2025_1_3,37,37,0,2,rc_open
393,14875.0401430.0,14875.0401430.0_2025_1_3,40,40,0,4,rc_preg
394,14891.0401430.0,14891.0401430.0_2023_1_1,35,35,0,2,rc_open
395,14906.0401430.0,14906.0401430.0_2025_2_2,35,35,0,2,rc_open
396,14921.0401430.0,14921.0401430.0_2023_5_3,35,35,0,2,rc_open
397,14924.0401430.0,14924.0401430.0_2023_8_2,38,38,0,3,rc_preg
398,14928.0401430.0,14928.0401430.0_2025_1_2,36,36,0,1,rc_open
399,14960.0401430.0,14960.0401430.0_2023_4_2,39,39,0,7,rc_preg
400,14962.0401430.0,14962.0401430.0_2023_10_2,36,36,0,3,rc_open
401,14981.0401430.0,14981.0401430.0_2022_12_1,36,36,0,2,rc_open
402,15000.0401430.0,15000.0401430.0_2023_3_1,40,40,0,3,rc_open
403,15006.0401430.0,15006.0401430.0_2023_3_1,36,36,0,2,rc_open
404,15006.0401430.0,15006.0401430.0_2023_5_2,36,36,0,3,rc_loss
405,15014.0401430.0,15014.0401430.0_2023_2_1,36,36,0,1,rc_open
406,15020.0401430.0,15020.0401430.0_2022_12_1,35,35,0,2,rc_open
407,15020.0401430.0,15020.0401430.0_2025_2_3,37,37,0,6,rc_loss
408,1504.0392159.0,1504.0392159.0_2022_11_2,29,29,0,2,rc_open
409,1504.0392159.0,1504.0392159.0_2022_12_3,29,29,0,1,rc_open
410,1504.0392159.0,1504.0392159.0_2025_4_6,50,50,0,2,rc_open
411,15049.0401430.0,15049.0401430.0_2023_2_1,36,36,0,3,rc_open
412,15051.0401430.0,15051.0401430.0_2022_12_1,36,36,0,2,rc_open
413,15056.0401430.0,15056.0401430.0_2022_12_1,36,36,0,2,rc_open
414,15058.0401430.0,15058.0401430.0_2023_1_2,37,37,0,1,rc_open
415,15083.0401430.0,15083.0401430.0_2024_12_2,35,35,0,2,rc_open
416,1509.0392159.0,1509.0392159.0_2023_5_5,32,32,0,1,rc_open
417,1509.0392159.0,1509.0392159.0_2024_8_7,43,43,0,2,rc_open
418,15090.0401430.0,15090.0401430.0_2022_12_1,36,36,0,2,rc_open
419,15101.0401430.0,15101.0401430.0_2025_2_2,37,37,0,2,rc_open
420,15101.0401430.0,15101.0401430.0_2025_5_3,36,36,0,6,rc_open
421,15110.0401430.0,15110.0401430.0_2025_4_2,35,35,0,3,rc_preg
422,15128.0401430.0,15128.0401430.0_2024_7_2,47,47,0,4,rc_preg
423,15141.0401430.0,15141.0401430.0_2025_6_4,41,41,0,3,rc_preg
424,15143.0401430.0,15143.0401430.0_2023_4_1,36,36,0,2,rc_open
425,15144.0401430.0,15144.0401430.0_2025_4_2,36,36,0,2,rc_open
426,15144.0401430.0,15144.0401430.0_2025_7_3,36,36,0,1,rc_open
427,15147.0401430.0,15147.0401430.0_2023_4_1,35,35,0,2,rc_open
428,15152.0401430.0,15152.0401430.0_2025_7_3,37,37,0,2,rc_open
429,15156.0401430.0,15156.0401430.0_2024_7_2,83,83,0,2,rc_open
430,15173.0401430.0,15173.0401430.0_2023_3_2,36,36,0,2,rc_open
431,15179.0401430.0,15179.0401430.0_2025_3_3,41,41,0,1,rc_open
432,15179.0401430.0,15179.0401430.0_2025_4_4,41,41,0,3,rc_open
433,15246.0401430.0,15246.0401430.0_2023_1_1,36,36,0,2,rc_open
434,15246.0401430.0,15246.0401430.0_2024_7_4,71,71,0,2,rc_preg
435,15247.0401430.0,15247.0401430.0_2024_6_3,72,72,0,1,rc_open
436,1526.0401430.0,1526.0401430.0_2021_10_1,72,72,0,2,rc_preg
437,15267.0401430.0,15267.0401430.0_2023_7_3,38,38,0,1,rc_open
438,15272.0401430.0,15272.0401430.0_2023_9_2,38,38,0,2,rc_open
439,15330.0401430.0,15330.0401430.0_2025_4_3,37,37,0,4,rc_open
440,15342.0401430.0,15342.0401430.0_2025_5_2,35,35,0,6,rc_preg
441,15363.0401430.0,15363.0401430.0_2023_5_2,36,36,0,1,rc_open
442,15402.0401430.0,15402.0401430.0_2023_8_3,36,36,0,2,rc_open
443,15406.0401430.0,15406.0401430.0_2023_7_3,36,36,0,2,rc_loss
444,15407.0401430.0,15407.0401430.0_2025_5_2,39,39,0,5,rc_loss
445,15417.0401430.0,15417.0401430.0_2025_6_3,41,41,0,3,rc_preg
446,15420.0401430.0,15420.0401430.0_2023_5_1,42,42,0,6,rc_preg
447,15428.0401430.0,15428.0401430.0_2025_5_2,35,35,0,2,rc_open
448,15448.0401430.0,15448.0401430.0_2023_7_2,36,36,0,1,rc_open
449,15488.0401430.0,15488.0401430.0_2023_5_1,36,36,0,2,rc_open
450,15489.0401430.0,15489.0401430.0_2023_8_3,36,36,0,3,rc_open
451,15498.0401430.0,15498.0401430.0_2025_5_2,38,38,0,2,rc_open
452,15505.0401430.0,15505.0401430.0_2025_7_3,36,36,0,3,rc_preg
453,15508.0401430.0,15508.0401430.0_2024_12_4,36,36,0,1,rc_open
454,15508.0401430.0,15508.0401430.0_2025_1_5,35,35,0,2,rc_open
455,15509.0401430.0,15509.0401430.0_2024_10_4,38,38,0,2,rc_open
456,15515.0401430.0,15515.0401430.0_2023_6_1,37,37,0,2,rc_open
457,15516.0401430.0,15516.0401430.0_2025_4_2,36,36,0,2,rc_open
458,15544.0401430.0,15544.0401430.0_2023_6_1,36,36,0,3,rc_loss
459,15551.0401430.0,15551.0401430.0_2023_8_2,36,36,0,2,rc_open
460,15555.0401430.0,15555.0401430.0_2023_3_1,36,36,0,2,rc_open
461,15577.0401430.0,15577.0401430.0_2023_4_1,36,36,0,2,rc_open
462,15627.0401430.0,15627.0401430.0_2023_6_1,36,36,0,4,rc_open
463,15628.0401430.0,15628.0401430.0_2025_7_3,36,36,0,2,rc_open
464,15636.0401430.0,15636.0401430.0_2022_8_1,77,77,0,2,rc_preg
465,15661.0401430.0,15661.0401430.0_2025_7_3,36,36,0,4,rc_open
466,15668.0401430.0,15668.0401430.0_2025_5_2,35,35,0,1,rc_open
467,15671.0401430.0,15671.0401430.0_2023_1_1,37,37,0,2,rc_loss
468,15671.0401430.0,15671.0401430.0_2023_3_2,35,35,0,13,rc_preg
469,15687.0401430.0,15687.0401430.0_2023_6_1,44,44,0,3,rc_preg
470,15688.0401430.0,15688.0401430.0_2024_10_3,37,37,0,2,rc_open
471,15690.0401430.0,15690.0401430.0_2025_4_2,38,38,0,2,rc_open
472,15699.0401430.0,15699.0401430.0_2024_8_2,35,35,0,1,rc_open
473,15702.0401430.0,15702.0401430.0_2024_6_2,71,71,0,2,rc_preg
474,15721.0401430.0,15721.0401430.0_2022_12_2,36,36,0,6,rc_open
475,15739.0401430.0,15739.0401430.0_2024_10_2,36,36,0,4,rc_preg
476,15741.0401430.0,15741.0401430.0_2023_8_2,40,40,0,7,rc_open
477,15749.0401430.0,15749.0401430.0_2024_11_3,41,41,0,2,rc_open
478,15755.0401430.0,15755.0401430.0_2023_6_1,36,36,0,2,rc_open
479,15758.0401430.0,15758.0401430.0_2024_11_6,40,40,0,1,rc_open
480,15758.0401430.0,15758.0401430.0_2024_9_5,41,41,0,2,rc_open
481,15758.0401430.0,15758.0401430.0_2025_2_8,34,34,0,2,rc_open
482,1577.0401430.0,1577.0401430.0_2023_10_1,36,36,0,2,rc_preg
483,15786.0401430.0,15786.0401430.0_2023_6_2,41,41,0,4,rc_preg
484,15795.0401430.0,15795.0401430.0_2025_7_3,35,35,0,2,rc_preg
485,15857.0401430.0,15857.0401430.0_2023_8_1,36,36,0,2,rc_open
486,15862.0401430.0,15862.0401430.0_2023_8_2,36,36,0,2,rc_open
487,15875.0401430.0,15875.0401430.0_2025_8_3,40,40,0,2,rc_preg
488,15888.0401430.0,15888.0401430.0_2023_8_1,36,36,0,2,rc_open
489,15898.0401430.0,15898.0401430.0_2023_9_1,41,41,0,7,rc_preg
490,15899.0401430.0,15899.0401430.0_2023_6_1,36,36,0,2,rc_open
491,15916.0401430.0,15916.0401430.0_2022_10_2,47,47,0,3,rc_preg
492,15929.0401430.0,15929.0401430.0_2024_8_3,36,36,0,2,rc_open
493,15933.0401430.0,15933.0401430.0_2025_6_3,36,36,0,1,rc_open
494,15940.0401430.0,15940.0401430.0_2025_7_3,38,38,0,1,rc_open
495,15942.0401430.0,15942.0401430.0_2025_3_4,35,35,0,3,rc_open
496,15947.0401430.0,15947.0401430.0_2024_12_4,37,37,0,7,rc_preg
497,15956.0401430.0,15956.0401430.0_2023_9_1,36,36,0,3,rc_open
498,15957.0401430.0,15957.0401430.0_2023_6_1,36,36,0,2,rc_open
499,15957.0401430.0,15957.0401430.0_2023_8_2,36,36,0,3,rc_open
500,15975.0401430.0,15975.0401430.0_2024_10_3,39,39,0,1,rc_open
501,15988.0401430.0,15988.0401430.0_2023_7_1,39,39,0,6,rc_preg
502,15989.0401430.0,15989.0401430.0_2024_8_3,36,36,0,1,rc_open
503,15989.0401430.0,15989.0401430.0_2024_9_4,41,41,0,3,rc_preg
504,16028.0401430.0,16028.0401430.0_2023_8_1,36,36,0,1,rc_open
505,16057.0401430.0,16057.0401430.0_2023_10_2,42,42,0,2,rc_preg
506,16070.0401430.0,16070.0401430.0_2023_6_1,36,36,0,2,rc_open
507,16105.0401430.0,16105.0401430.0_2023_7_1,38,38,0,1,rc_open
508,16112.0401430.0,16112.0401430.0_2023_10_3,39,39,0,3,rc_open
509,16112.0401430.0,16112.0401430.0_2023_9_2,36,36,0,2,rc_open
510,16227.0401430.0,16227.0401430.0_2023_8_1,36,36,0,1,rc_open
511,16264.0401430.0,16264.0401430.0_2024_8_2,36,36,0,1,rc_open
512,16277.0401430.0,16277.0401430.0_2024_10_2,36,36,0,1,rc_open
513,1628.0401430.0,1628.0401430.0_2023_7_1,74,74,0,2,rc_preg
514,16317.0401430.0,16317.0401430.0_2023_10_1,40,40,0,2,rc_open
515,16359.0401430.0,16359.0401430.0_2023_10_1,40,40,0,2,rc_preg
516,16363.0401430.0,16363.0401430.0_2024_10_2,36,36,0,4,rc_preg
517,1639.0401430.0,1639.0401430.0_2024_11_2,36,36,0,1,rc_open
518,16398.0401430.0,16398.0401430.0_2025_2_2,40,40,0,2,rc_open
519,164.0392159.0,164.0392159.0_2023_6_2,41,41,0,3,rc_preg
520,16483.0401430.0,16483.0401430.0_2024_7_1,67,67,0,2,rc_preg
521,16556.0401430.0,16556.0401430.0_2023_9_1,36,36,0,3,rc_open
522,16556.0401430.0,16556.0401430.0_2025_3_3,39,39,0,8,rc_preg
523,16557.0401430.0,16557.0401430.0_2024_10_2,37,37,0,1,rc_open
524,1656.0401430.0,1656.0401430.0_2023_10_1,37,37,0,2,rc_preg
525,16596.0401430.0,16596.0401430.0_2024_11_1,40,40,0,2,rc_open
526,1667.0401430.0,1667.0401430.0_2023_10_2,38,38,0,2,rc_preg
527,1667.0401430.0,1667.0401430.0_2023_8_1,42,42,0,1,rc_open
528,16688.0401430.0,16688.0401430.0_2025_5_2,42,42,0,2,rc_open
529,16689.0401430.0,16689.0401430.0_2025_1_1,35,35,0,3,rc_preg
530,16747.0401430.0,16747.0401430.0_2023_9_1,37,37,0,2,rc_open
531,1676.0401430.0,1676.0401430.0_2024_11_1,36,36,0,1,rc_open
532,16823.0392159.0,16823.0392159.0_2021_12_1,36,36,0,2,rc_open
533,16823.0392159.0,16823.0392159.0_2023_3_4,29,29,0,3,rc_open
534,16823.0392159.0,16823.0392159.0_2023_9_6,29,29,0,2,rc_open
535,16887.0401430.0,16887.0401430.0_2025_7_1,43,43,0,5,rc_preg
536,16925.0401430.0,16925.0401430.0_2023_11_1,38,38,0,2,rc_open
537,16961.0401430.0,16961.0401430.0_2023_11_1,37,37,0,2,rc_open
538,17019.0401430.0,17019.0401430.0_2025_5_1,36,36,0,2,rc_open
539,17029.0401430.0,17029.0401430.0_2025_1_1,39,39,0,4,rc_preg
540,17058.0401430.0,17058.0401430.0_2024_12_2,39,39,0,1,rc_open
541,17058.0401430.0,17058.0401430.0_2025_2_3,40,40,0,1,rc_open
542,17107.0401430.0,17107.0401430.0_2025_6_2,36,36,0,5,rc_open
543,17140.0401430.0,17140.0401430.0_2025_8_1,35,35,0,2,rc_open
544,17145.0401430.0,17145.0401430.0_2025_8_2,39,39,0,2,rc_open
545,17161.0401430.0,17161.0401430.0_2025_3_1,39,39,0,1,rc_open
546,17188.0401430.0,17188.0401430.0_2024_12_1,35,35,0,1,rc_open
547,17206.0401430.0,17206.0401430.0_2025_1_1,35,35,0,1,rc_open
548,17210.0392159.0,17210.0392159.0_2023_1_3,36,36,0,2,rc_open
549,17253.0401430.0,17253.0401430.0_2025_5_2,38,38,0,1,rc_open
550,17255.0401430.0,17255.0401430.0_2024_8_1,38,38,0,4,rc_loss
551,17297.0401430.0,17297.0401430.0_2025_2_1,42,42,0,2,rc_open
552,17322.0401430.0,17322.0401430.0_2025_5_1,38,38,0,3,rc_preg
553,17346.0401430.0,17346.0401430.0_2025_3_1,35,35,0,8,rc_loss
554,17363.0401430.0,17363.0401430.0_2025_5_1,35,35,0,3,rc_preg
555,17379.0401430.0,17379.0401430.0_2025_6_1,35,35,0,2,rc_open
556,17384.0401430.0,17384.0401430.0_2025_6_1,36,36,0,2,rc_open
557,17392.0401430.0,17392.0401430.0_2025_4_2,40,40,0,1,rc_open
558,17412.0401430.0,17412.0401430.0_2025_5_1,35,35,0,1,rc_open
559,1743.0401430.0,1743.0401430.0_2022_6_2,38,38,0,3,rc_preg
560,17482.0401430.0,17482.0401430.0_2025_6_2,40,40,0,1,rc_open
561,17574.0401430.0,17574.0401430.0_2025_6_2,35,35,0,1,rc_open
562,1764.0401430.0,1764.0401430.0_2023_6_3,36,36,0,2,rc_open
563,17679.0401430.0,17679.0401430.0_2025_7_2,38,38,0,1,rc_open
564,17786.0401430.0,17786.0401430.0_2025_4_1,35,35,0,2,rc_open
565,17815.0401430.0,17815.0401430.0_2025_7_2,37,37,0,2,rc_open
566,17821.0401430.0,17821.0401430.0_2024_8_1,41,41,0,3,rc_preg
567,17858.0401430.0,17858.0401430.0_2024_6_1,85,85,0,2,rc_open
568,17901.0401430.0,17901.0401430.0_2025_7_2,43,43,0,3,rc_open
569,17982.0401430.0,17982.0401430.0_2025_6_2,35,35,0,2,rc_open
570,18000.0401430.0,18000.0401430.0_2025_5_1,39,39,0,2,rc_loss
571,18025.0401430.0,18025.0401430.0_2024_8_1,36,36,0,3,rc_loss
572,18045.0401430.0,18045.0401430.0_2025_8_2,35,35,0,2,rc_preg
573,18087.0401430.0,18087.0401430.0_2025_5_1,35,35,0,3,rc_preg
574,18195.0401430.0,18195.0401430.0_2024_9_1,41,41,0,2,rc_open
575,18213.0401430.0,18213.0401430.0_2025_8_2,35,35,0,2,rc_preg
576,18221.0401430.0,18221.0401430.0_2024_10_1,35,35,0,2,rc_open
577,18306.0401430.0,18306.0401430.0_2024_9_1,37,37,0,1,rc_open
578,18539.0401430.0,18539.0401430.0_2024_10_1,42,42,0,4,rc_preg
579,18554.0401430.0,18554.0401430.0_2024_9_2,37,37,0,1,rc_open
580,18588.0401430.0,18588.0401430.0_2024_10_1,37,37,0,2,rc_open
581,18682.0401430.0,18682.0401430.0_2025_8_2,35,35,0,2,rc_open
582,18758.0401430.0,18758.0401430.0_2024_9_1,38,38,0,1,rc_open
583,1876.0401430.0,1876.0401430.0_2022_10_1,35,35,0,1,rc_open
584,18773.0401430.0,18773.0401430.0_2024_8_1,36,36,0,2,rc_open
585,18828.0401430.0,18828.0401430.0_2024_9_1,40,40,0,1,rc_open
586,18843.0392159.0,18843.0392159.0_2021_11_1,78,78,0,2,rc_open
587,18843.0392159.0,18843.0392159.0_2022_2_2,36,36,0,7,rc_preg
588,18981.0401430.0,18981.0401430.0_2024_11_1,35,35,0,1,rc_open
589,19087.0401430.0,19087.0401430.0_2024_11_1,38,38,0,1,rc_open
590,19102.0401430.0,19102.0401430.0_2024_10_1,46,46,0,4,rc_preg
591,19110.0401430.0,19110.0401430.0_2024_8_1,81,81,0,4,rc_preg
592,19121.0401430.0,19121.0401430.0_2025_2_1,36,36,0,2,rc_open
593,19139.0401430.0,19139.0401430.0_2024_10_1,48,48,0,4,rc_preg
594,19205.0401430.0,19205.0401430.0_2024_11_1,36,36,0,1,rc_open
595,19257.0401430.0,19257.0401430.0_2025_6_1,37,37,0,1,rc_open
596,19462.0401430.0,19462.0401430.0_2025_3_1,35,35,0,2,rc_open
597,19509.0401430.0,19509.0401430.0_2025_2_1,35,35,0,1,rc_open
598,19518.0401430.0,19518.0401430.0_2025_4_1,37,37,0,1,rc_open
599,19536.0401430.0,19536.0401430.0_2025_3_1,41,41,0,5,rc_preg
600,19552.0401430.0,19552.0401430.0_2025_6_2,35,35,0,2,rc_open
601,19572.0401430.0,19572.0401430.0_2025_3_1,39,39,0,3,rc_preg
602,19631.0401430.0,19631.0401430.0_2025_4_1,35,35,0,1,rc_open
603,19732.0401430.0,19732.0401430.0_2025_5_1,38,38,0,4,rc_preg
604,19781.0401430.0,19781.0401430.0_2025_6_1,39,39,0,3,rc_open
605,1988.0401430.0,1988.0401430.0_2022_3_1,28,28,0,1,rc_open
606,20106.0401430.0,20106.0401430.0_2025_7_1,36,36,0,2,rc_open
607,20131.0401430.0,20131.0401430.0_2025_8_1,35,35,0,2,rc_open
608,20153.0401430.0,20153.0401430.0_2025_7_1,37,37,0,2,rc_open
609,20298.0401430.0,20298.0401430.0_2025_7_1,35,35,0,1,rc_open
610,2042.0392159.0,2042.0392159.0_2022_4_1,29,29,0,2,rc_open
611,20566.0392159.0,20566.0392159.0_2023_3_1,29,29,0,3,rc_preg
612,213.0392159.0,213.0392159.0_2022_2_1,29,29,0,2,rc_open
613,213.0401430.0,213.0401430.0_2021_11_1,80,80,0,3,rc_preg
614,2132.0401430.0,2132.0401430.0_2021_11_1,42,42,0,2,rc_open
615,2132.0401430.0,2132.0401430.0_2022_1_2,28,28,0,2,rc_preg
616,2142.0401430.0,2142.0401430.0_2022_12_2,36,36,0,2,rc_open
617,2158.0392159.0,2158.0392159.0_2022_6_1,36,36,0,2,rc_open
618,2168.0401430.0,2168.0401430.0_2022_12_2,35,35,0,2,rc_open
619,2172.0401430.0,2172.0401430.0_2021_12_1,66,66,0,2,rc_preg
620,2234.0401430.0,2234.0401430.0_2022_3_2,28,28,0,3,rc_open
621,225.0392159.0,225.0392159.0_2025_4_5,36,36,0,2,rc_open
622,2260.0401430.0,2260.0401430.0_2023_1_2,36,36,0,2,rc_open
623,2302.0401430.0,2302.0401430.0_2023_3_3,36,36,0,3,rc_preg
624,2310.0401430.0,2310.0401430.0_2023_3_3,40,40,0,1,rc_open
625,2398.0401430.0,2398.0401430.0_2023_1_3,40,40,0,1,rc_open
626,2400.0392159.0,2400.0392159.0_2025_3_2,29,29,0,2,rc_open
627,2415.0401430.0,2415.0401430.0_2023_2_2,35,35,0,2,rc_open
628,2429.0401430.0,2429.0401430.0_2022_3_2,28,28,0,2,rc_open
629,2448.0401430.0,2448.0401430.0_2023_8_2,36,36,0,3,rc_open
630,24730.0392159.0,24730.0392159.0_2022_2_1,36,36,0,4,rc_preg
631,2506.0401430.0,2506.0401430.0_2023_9_2,36,36,0,2,rc_open
632,2510.0401430.0,2510.0401430.0_2022_6_2,35,35,0,3,rc_open
633,2514.0401430.0,2514.0401430.0_2022_6_1,37,37,0,5,rc_preg
634,2538.0401430.0,2538.0401430.0_2024_10_4,37,37,0,2,rc_open
635,25468.0392159.0,25468.0392159.0_2022_5_1,43,43,0,2,rc_open
636,25468.0392159.0,25468.0392159.0_2022_8_3,29,29,0,3,rc_open
637,25518.0392159.0,25518.0392159.0_2022_2_1,36,36,0,2,rc_open
638,25710.0392159.0,25710.0392159.0_2021_12_1,36,36,0,2,rc_open
639,2591.0401430.0,2591.0401430.0_2022_5_1,36,36,0,2,rc_open
640,2615.0401430.0,2615.0401430.0_2023_2_4,35,35,0,2,rc_open
641,2618.0401430.0,2618.0401430.0_2022_5_2,46,46,0,4,rc_preg
642,26679.0392159.0,26679.0392159.0_2022_9_2,43,43,0,2,rc_open
643,2669.0401430.0,2669.0401430.0_2022_8_1,42,42,0,3,rc_preg
644,26711.0392159.0,26711.0392159.0_2025_5_4,34,34,0,1,rc_open
645,2704.0401430.0,2704.0401430.0_2022_9_1,41,41,0,2,rc_open
646,2704.0401430.0,2704.0401430.0_2025_1_4,37,37,0,2,rc_open
647,2719.0401430.0,2719.0401430.0_2021_10_1,70,70,0,3,rc_preg
648,2719.0401430.0,2719.0401430.0_2022_11_2,40,40,0,3,rc_preg
649,2724.0401430.0,2724.0401430.0_2022_10_2,41,41,0,2,rc_open
650,2724.0401430.0,2724.0401430.0_2023_1_3,36,36,0,3,rc_preg
651,2729.0401430.0,2729.0401430.0_2022_2_2,29,29,0,3,rc_open
652,2766.0401430.0,2766.0401430.0_2022_1_1,29,29,0,2,rc_loss
653,277.0392159.0,277.0392159.0_2022_10_2,36,36,0,2,rc_open
654,2780.0401430.0,2780.0401430.0_2022_7_2,37,37,0,3,rc_preg
655,2785.0401430.0,2785.0401430.0_2022_10_1,42,42,0,5,rc_preg
656,2787.0401430.0,2787.0401430.0_2021_11_1,65,65,0,2,rc_preg
657,2787.0401430.0,2787.0401430.0_2022_11_2,35,35,0,3,rc_preg
658,2790.0401430.0,2790.0401430.0_2021_12_1,34,34,0,3,rc_open
659,2795.0401430.0,2795.0401430.0_2023_8_2,36,36,0,1,rc_open
660,2817.0401430.0,2817.0401430.0_2021_10_1,77,77,0,2,rc_preg
661,2845.0401430.0,2845.0401430.0_2021_11_1,67,67,0,2,rc_open
662,2911.0392159.0,2911.0392159.0_2023_7_1,29,29,0,3,rc_preg
663,2913.0401430.0,2913.0401430.0_2025_5_3,34,34,0,1,rc_open
664,2962.0401430.0,2962.0401430.0_2023_3_3,41,41,0,1,rc_open
665,2992.0401430.0,2992.0401430.0_2023_7_2,36,36,0,3,rc_preg
666,2995.0401430.0,2995.0401430.0_2025_4_3,41,41,0,5,rc_preg
667,3010.0392159.0,3010.0392159.0_2024_8_4,36,36,0,1,rc_open
668,3023.0401430.0,3023.0401430.0_2021_11_1,71,71,0,2,rc_preg
669,3049.0401430.0,3049.0401430.0_2021_10_1,77,77,0,2,rc_preg
670,3063.0401430.0,3063.0401430.0_2022_3_2,28,28,0,2,rc_loss
671,3079.0401430.0,3079.0401430.0_2021_12_1,29,29,0,1,rc_open
672,3083.0392159.0,3083.0392159.0_2023_10_1,31,31,0,2,rc_preg
673,3091.0401430.0,3091.0401430.0_2022_11_2,35,35,0,2,rc_open
674,3094.0401430.0,3094.0401430.0_2022_4_2,34,34,0,1,rc_open
675,3094.0401430.0,3094.0401430.0_2023_5_4,36,36,0,2,rc_open
676,3094.0401430.0,3094.0401430.0_2023_7_5,37,37,0,2,rc_open
677,3108.0401430.0,3108.0401430.0_2023_2_2,39,39,0,3,rc_loss
678,3112.0392159.0,3112.0392159.0_2024_10_3,37,37,0,2,rc_open
679,3114.0401430.0,3114.0401430.0_2023_6_3,36,36,0,3,rc_preg
680,3115.0401430.0,3115.0401430.0_2024_6_4,90,90,0,2,rc_open
681,3119.0392159.0,3119.0392159.0_2023_4_3,35,35,0,2,rc_open
682,3124.0392159.0,3124.0392159.0_2023_9_1,36,36,0,1,rc_open
683,3127.0392159.0,3127.0392159.0_2022_12_1,40,40,0,2,rc_open
684,3131.0401430.0,3131.0401430.0_2023_1_2,36,36,0,2,rc_open
685,3134.0392159.0,3134.0392159.0_2023_1_1,40,40,0,4,rc_preg
686,3134.0401430.0,3134.0401430.0_2022_4_2,28,28,0,2,rc_open
687,315.0392159.0,315.0392159.0_2024_7_5,78,78,0,2,rc_open
688,3154.0401430.0,3154.0401430.0_2025_3_3,39,39,0,1,rc_open
689,3173.0401430.0,3173.0401430.0_2022_1_1,28,28,0,4,rc_open
690,3173.0401430.0,3173.0401430.0_2022_4_2,38,38,0,4,rc_open
691,3202.0392159.0,3202.0392159.0_2024_9_2,36,36,0,2,rc_open
692,3206.0401430.0,3206.0401430.0_2021_11_1,70,70,0,2,rc_preg
693,3223.0392159.0,3223.0392159.0_2023_5_1,29,29,0,4,rc_open
694,3244.0392159.0,3244.0392159.0_2025_5_4,29,29,0,2,rc_open
695,3264.0392159.0,3264.0392159.0_2023_10_1,39,39,0,2,rc_preg
696,3302.0401430.0,3302.0401430.0_2022_2_1,28,28,0,3,rc_loss
697,3302.0401430.0,3302.0401430.0_2023_4_3,36,36,0,4,rc_loss
698,3302.0401430.0,3302.0401430.0_2023_6_4,39,39,0,3,rc_preg
699,3317.0392159.0,3317.0392159.0_2023_2_1,29,29,0,1,rc_open
700,3318.0392159.0,3318.0392159.0_2023_3_2,39,39,0,2,rc_open
701,3338.0401430.0,3338.0401430.0_2022_2_1,29,29,0,2,rc_open
702,3351.0392159.0,3351.0392159.0_2023_1_1,40,40,0,2,rc_open
703,336.0392159.0,336.0392159.0_2022_11_1,42,42,0,2,rc_open
704,3391.0401430.0,3391.0401430.0_2022_5_1,40,40,0,2,rc_open
705,3392.0392159.0,3392.0392159.0_2025_3_2,29,29,0,3,rc_open
706,3415.0401430.0,3415.0401430.0_2023_5_2,43,43,0,2,rc_open
707,3415.0401430.0,3415.0401430.0_2023_9_3,44,44,0,3,rc_preg
708,3423.0401430.0,3423.0401430.0_2023_6_3,36,36,0,2,rc_open
709,3443.0392159.0,3443.0392159.0_2023_4_1,41,41,0,1,rc_open
710,3480.0392159.0,3480.0392159.0_2023_8_1,36,36,0,5,rc_preg
711,3490.0392159.0,3490.0392159.0_2025_1_2,29,29,0,2,rc_open
712,3496.0401430.0,3496.0401430.0_2024_12_4,40,40,0,3,rc_open
713,3505.0401430.0,3505.0401430.0_2022_9_2,40,40,0,1,rc_open
714,352.0392159.0,352.0392159.0_2022_1_1,29,29,0,3,rc_loss
715,3527.0401430.0,3527.0401430.0_2022_8_1,42,42,0,2,rc_open
716,3534.0392159.0,3534.0392159.0_2023_8_4,36,36,0,2,rc_open
717,3536.0401430.0,3536.0401430.0_2022_11_2,35,35,0,2,rc_open
718,3545.0401430.0,3545.0401430.0_2024_10_5,36,36,0,1,rc_open
719,3584.0401430.0,3584.0401430.0_2022_6_1,41,41,0,2,rc_open
720,359.0392159.0,359.0392159.0_2023_9_4,38,38,0,2,rc_open
721,3602.0401430.0,3602.0401430.0_2023_6_5,36,36,0,2,rc_open
722,3605.0401430.0,3605.0401430.0_2024_10_3,37,37,0,2,rc_loss
723,3612.0401430.0,3612.0401430.0_2023_7_4,37,37,0,1,rc_open
724,3612.0401430.0,3612.0401430.0_2024_10_6,41,41,0,4,rc_preg
725,3623.0392159.0,3623.0392159.0_2025_6_6,29,29,0,2,rc_open
726,3630.0392159.0,3630.0392159.0_2023_5_1,29,29,0,2,rc_open
727,3633.0401430.0,3633.0401430.0_2022_9_1,36,36,0,1,rc_open
728,3660.0401430.0,3660.0401430.0_2021_11_1,68,68,0,2,rc_preg
729,3660.0401430.0,3660.0401430.0_2022_11_2,35,35,0,1,rc_open
730,3660.0401430.0,3660.0401430.0_2022_12_3,39,39,0,2,rc_open
731,3665.0392159.0,3665.0392159.0_2024_10_4,36,36,0,1,rc_open
732,3665.0392159.0,3665.0392159.0_2024_12_5,34,34,0,2,rc_open
733,368.0392159.0,368.0392159.0_2023_1_3,29,29,0,2,rc_loss
734,368.0392159.0,368.0392159.0_2024_6_5,85,85,0,3,rc_open
735,3686.0392159.0,3686.0392159.0_2025_2_4,36,36,0,4,rc_preg
736,3688.0392159.0,3688.0392159.0_2023_6_1,36,36,0,2,rc_open
737,3692.0401430.0,3692.0401430.0_2022_8_1,35,35,0,1,rc_open
738,3693.0401430.0,3693.0401430.0_2022_10_2,35,35,0,2,rc_open
739,3693.0401430.0,3693.0401430.0_2025_5_6,35,35,0,1,rc_open
740,3695.0401430.0,3695.0401430.0_2022_12_2,35,35,0,3,rc_open
741,3695.0401430.0,3695.0401430.0_2023_2_3,39,39,0,5,rc_preg
742,3697.0401430.0,3697.0401430.0_2024_9_3,41,41,0,3,rc_preg
743,3735.0401430.0,3735.0401430.0_2022_10_1,35,35,0,1,rc_open
744,3736.0401430.0,3736.0401430.0_2024_12_4,38,38,0,3,rc_preg
745,3753.0392159.0,3753.0392159.0_2023_8_1,36,36,0,2,rc_open
746,3753.0392159.0,3753.0392159.0_2025_1_4,36,36,0,2,rc_open
747,3753.0401430.0,3753.0401430.0_2024_11_5,36,36,0,3,rc_loss
748,3754.0392159.0,3754.0392159.0_2023_10_1,32,32,0,2,rc_preg
749,3756.0392159.0,3756.0392159.0_2024_9_2,42,42,0,4,rc_preg
750,3762.0401430.0,3762.0401430.0_2021_11_1,64,64,0,2,rc_preg
751,3782.0401430.0,3782.0401430.0_2022_9_1,35,35,0,2,rc_open
752,3784.0401430.0,3784.0401430.0_2021_10_1,70,70,0,2,rc_preg
753,3786.0401430.0,3786.0401430.0_2023_2_2,36,36,0,3,rc_preg
754,3796.0392159.0,3796.0392159.0_2023_2_2,29,29,0,2,rc_open
755,3799.0392159.0,3799.0392159.0_2025_2_2,41,41,0,4,rc_preg
756,3814.0401430.0,3814.0401430.0_2025_7_6,37,37,0,2,rc_open
757,3824.0401430.0,3824.0401430.0_2023_1_2,35,35,0,2,rc_open
758,3824.0401430.0,3824.0401430.0_2023_6_4,36,36,0,2,rc_preg
759,3825.0401430.0,3825.0401430.0_2022_10_1,40,40,0,1,rc_open
760,3825.0401430.0,3825.0401430.0_2022_11_2,38,38,0,3,rc_preg
761,3826.0401430.0,3826.0401430.0_2023_3_3,36,36,0,4,rc_preg
762,3834.0392159.0,3834.0392159.0_2024_7_2,50,50,0,2,rc_open
763,3842.0401430.0,3842.0401430.0_2023_9_2,44,44,0,5,rc_preg
764,3845.0392159.0,3845.0392159.0_2025_2_2,57,57,0,2,rc_preg
765,3846.0392159.0,3846.0392159.0_2025_5_5,41,41,0,2,rc_open
766,3847.0401430.0,3847.0401430.0_2022_12_2,35,35,0,3,rc_open
767,3853.0401430.0,3853.0401430.0_2023_1_2,35,35,0,4,rc_open
768,3864.0401430.0,3864.0401430.0_2022_12_2,35,35,0,2,rc_loss
769,3864.0401430.0,3864.0401430.0_2023_1_3,38,38,0,2,rc_open
770,3864.0401430.0,3864.0401430.0_2023_4_4,36,36,0,1,rc_open
771,3864.0401430.0,3864.0401430.0_2023_6_5,39,39,0,6,rc_preg
772,3865.0401430.0,3865.0401430.0_2023_5_3,37,37,0,1,rc_open
773,387.0392159.0,387.0392159.0_2024_12_5,36,36,0,2,rc_open
774,3877.0401430.0,3877.0401430.0_2023_5_4,36,36,0,2,rc_open
775,3890.0392159.0,3890.0392159.0_2023_4_1,35,35,0,2,rc_open
776,3899.0401430.0,3899.0401430.0_2022_12_2,35,35,0,2,rc_open
777,3908.0392159.0,3908.0392159.0_2025_4_4,36,36,0,1,rc_open
778,3931.0401430.0,3931.0401430.0_2023_2_2,39,39,0,3,rc_preg
779,3940.0392159.0,3940.0392159.0_2023_9_3,29,29,0,2,rc_open
780,3940.0401430.0,3940.0401430.0_2021_10_1,70,70,0,2,rc_preg
781,3945.0401430.0,3945.0401430.0_2023_2_2,39,39,0,4,rc_preg
782,3966.0401430.0,3966.0401430.0_2022_5_1,38,38,0,6,rc_preg
783,3979.0392159.0,3979.0392159.0_2024_9_4,34,34,0,2,rc_open
784,3980.0401430.0,3980.0401430.0_2023_3_3,50,50,0,5,rc_loss
785,3987.0401430.0,3987.0401430.0_2024_6_4,71,71,0,2,rc_preg
786,3995.0401430.0,3995.0401430.0_2022_8_1,35,35,0,3,rc_open
787,4001.0392159.0,4001.0392159.0_2024_10_6,42,42,0,1,rc_open
788,4008.0401430.0,4008.0401430.0_2022_7_1,35,35,0,2,rc_loss
789,401.0401430.0,401.0401430.0_2022_8_1,40,40,0,2,rc_open
790,4018.0401430.0,4018.0401430.0_2022_4_1,28,28,0,2,rc_loss
791,4029.0401430.0,4029.0401430.0_2025_1_3,35,35,0,3,rc_preg
792,4031.0392159.0,4031.0392159.0_2022_3_1,30,30,0,1,rc_open
793,4056.0401430.0,4056.0401430.0_2023_1_2,35,35,0,2,rc_open
794,4059.0401430.0,4059.0401430.0_2023_3_2,36,36,0,1,rc_open
795,4059.0401430.0,4059.0401430.0_2023_4_3,37,37,0,1,rc_open
796,4072.0392159.0,4072.0392159.0_2022_8_1,43,43,0,2,rc_open
797,4077.0401430.0,4077.0401430.0_2023_4_3,41,41,0,2,rc_open
798,4082.0401430.0,4082.0401430.0_2025_3_3,39,39,0,1,rc_open
799,4099.0392159.0,4099.0392159.0_2022_6_2,39,39,0,3,rc_preg
800,4133.0392159.0,4133.0392159.0_2022_3_1,35,35,0,1,rc_open
801,4133.0392159.0,4133.0392159.0_2023_6_3,36,36,0,2,rc_open
802,4136.0392159.0,4136.0392159.0_2021_10_1,85,85,0,3,rc_open
803,4157.0392159.0,4157.0392159.0_2025_5_3,36,36,0,2,rc_open
804,4209.0392159.0,4209.0392159.0_2023_10_2,41,41,0,2,rc_preg
805,4210.0392159.0,4210.0392159.0_2023_1_1,33,33,0,2,rc_open
806,4212.0392159.0,4212.0392159.0_2023_2_3,31,31,0,2,rc_open
807,4218.0392159.0,4218.0392159.0_2022_12_2,36,36,0,2,rc_open
808,4226.0392159.0,4226.0392159.0_2025_7_4,36,36,0,2,rc_open
809,4239.0392159.0,4239.0392159.0_2023_4_1,43,43,0,2,rc_open
810,4261.0392159.0,4261.0392159.0_2022_1_2,35,35,0,1,rc_open
811,4262.0392159.0,4262.0392159.0_2025_3_2,36,36,0,2,rc_open
812,4278.0392159.0,4278.0392159.0_2023_6_2,36,36,0,1,rc_open
813,4281.0392159.0,4281.0392159.0_2023_6_1,36,36,0,1,rc_open
814,4289.0392159.0,4289.0392159.0_2023_5_1,29,29,0,2,rc_open
815,4295.0392159.0,4295.0392159.0_2022_9_5,49,49,0,2,rc_open
816,4306.0392159.0,4306.0392159.0_2022_7_1,29,29,0,2,rc_open
817,4310.0392159.0,4310.0392159.0_2023_11_4,29,29,0,1,rc_open
818,4311.0392159.0,4311.0392159.0_2022_4_2,43,43,0,4,rc_preg
819,4322.0392159.0,4322.0392159.0_2022_10_2,29,29,0,1,rc_open
820,4322.0392159.0,4322.0392159.0_2022_11_3,38,38,0,2,rc_open
821,4348.0392159.0,4348.0392159.0_2022_9_3,31,31,0,3,rc_open
822,4356.0392159.0,4356.0392159.0_2023_6_2,29,29,0,2,rc_open
823,4373.0392159.0,4373.0392159.0_2022_8_2,34,34,0,2,rc_open
824,4380.0392159.0,4380.0392159.0_2023_2_3,29,29,0,2,rc_open
825,4537.0392159.0,4537.0392159.0_2021_12_1,29,29,0,2,rc_loss
826,4543.0392159.0,4543.0392159.0_2021_10_1,88,88,0,2,rc_preg
827,4657.0392159.0,4657.0392159.0_2021_12_1,40,40,0,2,rc_open
828,4657.0392159.0,4657.0392159.0_2023_2_3,32,32,0,2,rc_open
829,4661.0392159.0,4661.0392159.0_2021_12_1,36,36,0,2,rc_open
830,4673.0392159.0,4673.0392159.0_2022_3_1,36,36,0,2,rc_open
831,4678.0392159.0,4678.0392159.0_2023_2_4,29,29,0,5,rc_loss
832,4700.0392159.0,4700.0392159.0_2023_6_2,29,29,0,2,rc_open
833,4730.0401430.0,4730.0401430.0_2024_7_5,48,48,0,1,rc_open
834,4768.0392159.0,4768.0392159.0_2022_1_1,43,43,0,4,rc_preg
835,4790.0401430.0,4790.0401430.0_2022_4_1,35,35,0,1,rc_open
836,4792.0392159.0,4792.0392159.0_2023_1_3,29,29,0,2,rc_open
837,47941.0401430.0,47941.0401430.0_2025_7_1,35,35,0,2,rc_open
838,4801.0392159.0,4801.0392159.0_2023_8_2,41,41,0,1,rc_open
839,4801.0392159.0,4801.0392159.0_2025_5_5,41,41,0,2,rc_open
840,4848.0392159.0,4848.0392159.0_2023_10_3,43,43,0,2,rc_preg
841,4849.0392159.0,4849.0392159.0_2023_1_3,38,38,0,1,rc_open
842,4852.0392159.0,4852.0392159.0_2022_3_1,29,29,0,2,rc_open
843,4856.0392159.0,4856.0392159.0_2023_1_2,29,29,0,1,rc_open
844,4857.0392159.0,4857.0392159.0_2023_9_3,29,29,0,2,rc_open
845,4858.0401430.0,4858.0401430.0_2021_11_1,68,68,0,2,rc_preg
846,4858.0401430.0,4858.0401430.0_2022_12_2,39,39,0,3,rc_preg
847,4865.0392159.0,4865.0392159.0_2025_3_3,29,29,0,2,rc_open
848,4883.0392159.0,4883.0392159.0_2022_12_2,36,36,0,2,rc_open
849,4883.0392159.0,4883.0392159.0_2025_8_5,29,29,0,2,rc_open
850,4894.0392159.0,4894.0392159.0_2023_1_1,36,36,0,2,rc_open
851,4898.0392159.0,4898.0392159.0_2023_11_5,37,37,0,2,rc_open
852,4898.0392159.0,4898.0392159.0_2023_9_4,34,34,0,1,rc_open
853,4919.0401430.0,4919.0401430.0_2022_9_1,41,41,0,3,rc_open
854,4923.0401430.0,4923.0401430.0_2023_8_2,35,35,0,2,rc_open
855,4928.0401430.0,4928.0401430.0_2023_6_3,36,36,0,2,rc_open
856,4960.0401430.0,4960.0401430.0_2023_1_2,36,36,0,2,rc_open
857,5.0392159.0,5.0392159.0_2023_2_2,29,29,0,1,rc_open
858,5009.0392159.0,5009.0392159.0_2022_2_1,36,36,0,3,rc_open
859,502.0401430.0,502.0401430.0_2023_7_2,37,37,0,2,rc_open
860,502.0401430.0,502.0401430.0_2023_8_3,36,36,0,1,rc_open
861,5054.0392159.0,5054.0392159.0_2023_6_3,32,32,0,2,rc_open
862,5064.0392159.0,5064.0392159.0_2022_1_1,29,29,0,3,rc_preg
863,5075.0401430.0,5075.0401430.0_2024_7_1,71,71,0,1,rc_open
864,5082.0392159.0,5082.0392159.0_2022_11_2,41,41,0,4,rc_open
865,5082.0392159.0,5082.0392159.0_2024_7_6,87,87,0,3,rc_loss
866,5095.0401430.0,5095.0401430.0_2024_10_1,39,39,0,1,rc_open
867,5095.0401430.0,5095.0401430.0_2024_11_2,41,41,0,3,rc_preg
868,5096.0392159.0,5096.0392159.0_2023_9_4,43,43,0,2,rc_open
869,5113.0392159.0,5113.0392159.0_2022_12_3,29,29,0,1,rc_open
870,5121.0401430.0,5121.0401430.0_2025_1_1,38,38,0,3,rc_loss
871,5124.0392159.0,5124.0392159.0_2023_8_4,36,36,0,4,rc_preg
872,51695.0401430.0,51695.0401430.0_2025_7_1,35,35,0,2,rc_open
873,5179.0401430.0,5179.0401430.0_2024_11_1,36,36,0,6,rc_preg
874,5203.0401430.0,5203.0401430.0_2025_1_1,35,35,0,2,rc_open
875,5225.0392159.0,5225.0392159.0_2023_8_7,36,36,0,1,rc_open
876,5234.0392159.0,5234.0392159.0_2022_4_1,29,29,0,2,rc_open
877,5248.0401430.0,5248.0401430.0_2025_3_1,35,35,0,2,rc_open
878,5268.0401430.0,5268.0401430.0_2025_6_1,40,40,0,3,rc_preg
879,5269.0401430.0,5269.0401430.0_2024_7_2,81,81,0,2,rc_preg
880,5322.0401430.0,5322.0401430.0_2024_11_4,36,36,0,1,rc_open
881,5322.0401430.0,5322.0401430.0_2025_2_5,40,40,0,2,rc_open
882,5357.0392159.0,5357.0392159.0_2023_8_2,42,42,0,1,rc_open
883,5357.0392159.0,5357.0392159.0_2024_9_4,42,42,0,2,rc_open
884,5382.0392159.0,5382.0392159.0_2022_10_2,42,42,0,4,rc_preg
885,5382.0392159.0,5382.0392159.0_2025_1_5,41,41,0,4,rc_preg
886,53894.0401430.0,53894.0401430.0_2025_7_1,35,35,0,2,rc_open
887,5401.0401430.0,5401.0401430.0_2023_3_2,36,36,0,2,rc_open
888,5401.0401430.0,5401.0401430.0_2023_5_3,36,36,0,2,rc_open
889,5408.0401430.0,5408.0401430.0_2023_5_1,37,37,0,2,rc_loss
890,5418.0401430.0,5418.0401430.0_2025_5_2,41,41,0,1,rc_open
891,5427.0392159.0,5427.0392159.0_2022_5_1,32,32,0,2,rc_open
892,5435.0392159.0,5435.0392159.0_2022_3_2,34,34,0,3,rc_loss
893,5440.0401430.0,5440.0401430.0_2023_4_1,36,36,0,2,rc_open
894,5449.0392159.0,5449.0392159.0_2023_5_3,36,36,0,3,rc_open
895,5449.0392159.0,5449.0392159.0_2023_7_4,36,36,0,2,rc_open
896,5464.0392159.0,5464.0392159.0_2025_4_5,36,36,0,2,rc_open
897,5502.0392159.0,5502.0392159.0_2022_12_3,36,36,0,1,rc_open
898,5502.0392159.0,5502.0392159.0_2022_9_1,36,36,0,1,rc_open
899,5504.0392159.0,5504.0392159.0_2021_11_1,78,78,0,2,rc_open
900,5504.0392159.0,5504.0392159.0_2022_3_2,36,36,0,1,rc_open
901,5566.0401430.0,5566.0401430.0_2021_12_1,70,70,0,2,rc_preg
902,5571.0392159.0,5571.0392159.0_2022_4_1,43,43,0,4,rc_loss
903,5574.0401430.0,5574.0401430.0_2022_4_1,36,36,0,2,rc_open
904,5592.0401430.0,5592.0401430.0_2022_6_2,36,36,0,2,rc_open
905,5592.0401430.0,5592.0401430.0_2022_8_3,38,38,0,1,rc_open
906,5605.0392159.0,5605.0392159.0_2022_6_1,31,31,0,3,rc_open
907,5605.0401430.0,5605.0401430.0_2023_4_2,36,36,0,2,rc_open
908,5607.0392159.0,5607.0392159.0_2025_4_7,45,45,0,4,rc_preg
909,5612.0392159.0,5612.0392159.0_2023_10_5,33,33,0,3,rc_open
910,5622.0401430.0,5622.0401430.0_2022_7_1,41,41,0,1,rc_open
911,5629.0401430.0,5629.0401430.0_2023_6_3,40,40,0,4,rc_open
912,5640.0401430.0,5640.0401430.0_2023_6_2,36,36,0,2,rc_open
913,5640.0401430.0,5640.0401430.0_2023_8_3,36,36,0,1,rc_open
914,5659.0401430.0,5659.0401430.0_2022_11_2,43,43,0,6,rc_open
915,5663.0392159.0,5663.0392159.0_2023_10_4,37,37,0,1,rc_open
916,5685.0401430.0,5685.0401430.0_2021_12_1,70,70,0,2,rc_preg
917,5688.0392159.0,5688.0392159.0_2022_2_1,35,35,0,2,rc_open
918,5690.0392159.0,5690.0392159.0_2022_2_1,36,36,0,2,rc_open
919,5690.0392159.0,5690.0392159.0_2022_8_4,30,30,0,2,rc_open
920,5697.0401430.0,5697.0401430.0_2023_8_3,39,39,0,2,rc_open
921,5727.0392159.0,5727.0392159.0_2022_5_1,43,43,0,2,rc_open
922,5739.0392159.0,5739.0392159.0_2022_6_1,29,29,0,1,rc_open
923,5753.0392159.0,5753.0392159.0_2025_5_3,29,29,0,3,rc_open
924,5767.0392159.0,5767.0392159.0_2022_8_1,36,36,0,2,rc_open
925,5774.0392159.0,5774.0392159.0_2023_5_3,36,36,0,3,rc_loss
926,5777.0392159.0,5777.0392159.0_2021_12_1,32,32,0,2,rc_open
927,5782.0392159.0,5782.0392159.0_2022_11_2,29,29,0,3,rc_preg
928,5788.0392159.0,5788.0392159.0_2021_12_1,36,36,0,2,rc_open
929,5797.0401430.0,5797.0401430.0_2023_4_3,37,37,0,3,rc_open
930,5806.0392159.0,5806.0392159.0_2021_10_1,85,85,0,2,rc_open
931,5823.0392159.0,5823.0392159.0_2022_12_2,39,39,0,5,rc_preg
932,5838.0392159.0,5838.0392159.0_2022_2_2,52,52,0,3,rc_preg
933,5865.0392159.0,5865.0392159.0_2022_10_2,29,29,0,2,rc_loss
934,5871.0392159.0,5871.0392159.0_2023_2_2,35,35,0,1,rc_open
935,5883.0401430.0,5883.0401430.0_2023_4_2,37,37,0,2,rc_open
936,5886.0392159.0,5886.0392159.0_2022_10_2,39,39,0,1,rc_open
937,589.0392159.0,589.0392159.0_2023_10_2,43,43,0,2,rc_preg
938,5897.0392159.0,5897.0392159.0_2022_12_3,29,29,0,2,rc_loss
939,6004.0392159.0,6004.0392159.0_2022_11_3,29,29,0,3,rc_loss
940,6007.0392159.0,6007.0392159.0_2022_2_1,35,35,0,1,rc_open
941,60195.0392159.0,60195.0392159.0_2022_4_2,30,30,0,2,rc_open
942,6055.0392159.0,6055.0392159.0_2022_3_1,34,34,0,3,rc_preg
943,6065.0392159.0,6065.0392159.0_2025_4_5,29,29,0,3,rc_open
944,6069.0392159.0,6069.0392159.0_2022_2_1,35,35,0,2,rc_open
945,6076.0392159.0,6076.0392159.0_2022_12_2,29,29,0,1,rc_open
946,611.0401430.0,611.0401430.0_2023_5_1,37,37,0,2,rc_open
947,611.0401430.0,611.0401430.0_2023_7_2,37,37,0,2,rc_open
948,6163.0392159.0,6163.0392159.0_2022_4_2,39,39,0,4,rc_preg
949,6169.0392159.0,6169.0392159.0_2025_1_3,29,29,0,2,rc_loss
950,6183.0392159.0,6183.0392159.0_2022_3_1,29,29,0,2,rc_open
951,6208.0392159.0,6208.0392159.0_2022_5_1,36,36,0,5,rc_preg
952,6224.0392159.0,6224.0392159.0_2025_4_4,36,36,0,1,rc_open
953,6267.0392159.0,6267.0392159.0_2023_4_2,43,43,0,2,rc_open
954,6270.0392159.0,6270.0392159.0_2023_11_4,38,38,0,2,rc_open
955,6272.0392159.0,6272.0392159.0_2025_6_4,29,29,0,3,rc_preg
956,6275.0392159.0,6275.0392159.0_2025_6_4,32,32,0,2,rc_preg
957,6284.0392159.0,6284.0392159.0_2023_10_3,43,43,0,2,rc_preg
958,6292.0392159.0,6292.0392159.0_2022_6_1,34,34,0,4,rc_preg
959,6316.0392159.0,6316.0392159.0_2023_6_2,42,42,0,1,rc_open
960,6329.0392159.0,6329.0392159.0_2022_12_3,41,41,0,5,rc_preg
961,6329.0392159.0,6329.0392159.0_2025_2_6,36,36,0,1,rc_open
962,6336.0392159.0,6336.0392159.0_2024_8_3,43,43,0,4,rc_loss
963,6353.0392159.0,6353.0392159.0_2023_11_3,29,29,0,2,rc_preg
964,6355.0392159.0,6355.0392159.0_2024_8_3,43,43,0,2,rc_open
965,6357.0392159.0,6357.0392159.0_2025_1_3,36,36,0,2,rc_open
966,6381.0392159.0,6381.0392159.0_2023_11_3,33,33,0,2,rc_open
967,6401.0392159.0,6401.0392159.0_2024_9_4,36,36,0,1,rc_open
968,6427.0392159.0,6427.0392159.0_2025_1_5,36,36,0,2,rc_open
969,6451.0392159.0,6451.0392159.0_2024_9_3,31,31,0,1,rc_open
970,6460.0392159.0,6460.0392159.0_2021_11_1,78,78,0,8,rc_preg
971,6494.0392159.0,6494.0392159.0_2024_11_3,29,29,0,1,rc_open
972,651.0401430.0,651.0401430.0_2025_2_2,36,36,0,1,rc_open
973,6528.0392159.0,6528.0392159.0_2025_6_5,36,36,0,1,rc_open
974,6534.0392159.0,6534.0392159.0_2022_12_2,43,43,0,3,rc_loss
975,6535.0392159.0,6535.0392159.0_2024_8_4,36,36,0,1,rc_open
976,6553.0392159.0,6553.0392159.0_2021_12_1,36,36,0,2,rc_open
977,6553.0392159.0,6553.0392159.0_2022_3_2,40,40,0,4,rc_preg
978,6559.0392159.0,6559.0392159.0_2022_2_2,47,47,0,3,rc_preg
979,6559.0392159.0,6559.0392159.0_2023_2_3,29,29,0,3,rc_preg
980,6566.0392159.0,6566.0392159.0_2023_3_3,36,36,0,2,rc_open
981,6568.0392159.0,6568.0392159.0_2023_5_2,34,34,0,2,rc_open
982,6568.0392159.0,6568.0392159.0_2024_12_7,50,50,0,2,rc_open
983,6568.0392159.0,6568.0392159.0_2024_9_6,29,29,0,4,rc_open
984,6579.0392159.0,6579.0392159.0_2024_6_5,85,85,0,3,rc_preg
985,6583.0392159.0,6583.0392159.0_2022_7_3,36,36,0,2,rc_open
986,6611.0392159.0,6611.0392159.0_2024_10_4,35,35,0,2,rc_open
987,6611.0392159.0,6611.0392159.0_2024_12_5,40,40,0,1,rc_open
988,6614.0392159.0,6614.0392159.0_2025_4_4,36,36,0,3,rc_open
989,6615.0392159.0,6615.0392159.0_2024_8_3,31,31,0,2,rc_open
990,6629.0392159.0,6629.0392159.0_2024_7_4,56,56,0,3,rc_open
991,6651.0392159.0,6651.0392159.0_2022_3_2,34,34,0,2,rc_preg
992,6652.0392159.0,6652.0392159.0_2023_5_3,29,29,0,2,rc_open
993,6653.0392159.0,6653.0392159.0_2025_5_4,38,38,0,2,rc_open
994,6655.0392159.0,6655.0392159.0_2023_6_3,41,41,0,3,rc_open
995,6666.0392159.0,6666.0392159.0_2022_5_2,43,43,0,1,rc_open
996,6681.0392159.0,6681.0392159.0_2022_1_1,32,32,0,1,rc_open
997,6696.0392159.0,6696.0392159.0_2022_5_2,59,59,0,4,rc_preg
998,6705.0392159.0,6705.0392159.0_2022_3_1,43,43,0,2,rc_open
999,6782.0392159.0,6782.0392159.0_2024_10_5,42,42,0,2,rc_open
1000,6792.0392159.0,6792.0392159.0_2022_7_2,39,39,0,2,rc_open
1001,6793.0392159.0,6793.0392159.0_2022_11_1,32,32,0,2,rc_open
1002,6794.0392159.0,6794.0392159.0_2023_7_2,40,40,0,2,rc_open
1003,6800.0392159.0,6800.0392159.0_2022_11_1,31,31,0,1,rc_open
1004,6801.0392159.0,6801.0392159.0_2022_10_2,33,33,0,1,rc_open
1005,6816.0392159.0,6816.0392159.0_2022_6_1,29,29,0,3,rc_preg
1006,6819.0392159.0,6819.0392159.0_2025_5_4,36,36,0,2,rc_open
1007,6820.0392159.0,6820.0392159.0_2023_7_3,36,36,0,1,rc_open
1008,6839.0392159.0,6839.0392159.0_2024_9_4,29,29,0,2,rc_open
1009,6873.0392159.0,6873.0392159.0_2022_8_1,34,34,0,2,rc_loss
1010,6884.0392159.0,6884.0392159.0_2025_2_4,36,36,0,2,rc_open
1011,6899.0392159.0,6899.0392159.0_2022_10_1,36,36,0,1,rc_open
1012,6899.0392159.0,6899.0392159.0_2024_11_4,36,36,0,2,rc_open
1013,6919.0392159.0,6919.0392159.0_2023_1_2,29,29,0,2,rc_open
1014,6921.0392159.0,6921.0392159.0_2022_10_1,36,36,0,2,rc_open
1015,6928.0392159.0,6928.0392159.0_2023_10_2,43,43,0,2,rc_preg
1016,6928.0392159.0,6928.0392159.0_2024_11_4,36,36,0,2,rc_open
1017,6934.0392159.0,6934.0392159.0_2022_11_1,29,29,0,3,rc_preg
1018,6942.0392159.0,6942.0392159.0_2023_10_2,43,43,0,2,rc_preg
1019,6955.0392159.0,6955.0392159.0_2022_11_1,29,29,0,1,rc_open
1020,7012.0392159.0,7012.0392159.0_2022_12_1,36,36,0,2,rc_open
1021,7012.0392159.0,7012.0392159.0_2025_1_3,36,36,0,1,rc_open
1022,7080.0392159.0,7080.0392159.0_2025_7_5,36,36,0,1,rc_open
1023,7128.0392159.0,7128.0392159.0_2023_4_1,41,41,0,2,rc_open
1024,7137.0392159.0,7137.0392159.0_2025_3_2,36,36,0,1,rc_open
1025,7139.0392159.0,7139.0392159.0_2023_6_2,38,38,0,3,rc_open
1026,7167.0392159.0,7167.0392159.0_2023_4_1,43,43,0,1,rc_open
1027,7177.0392159.0,7177.0392159.0_2024_12_2,31,31,0,2,rc_open
1028,7190.0392159.0,7190.0392159.0_2023_6_3,36,36,0,2,rc_open
1029,7232.0392159.0,7232.0392159.0_2023_6_1,39,39,0,2,rc_open
1030,7242.0392159.0,7242.0392159.0_2023_7_1,29,29,0,2,rc_open
1031,7275.0392159.0,7275.0392159.0_2024_11_2,29,29,0,2,rc_open
1032,7298.0401430.0,7298.0401430.0_2023_3_3,35,35,0,1,rc_open
1033,7301.0392159.0,7301.0392159.0_2024_8_3,38,38,0,5,rc_preg
1034,7305.0392159.0,7305.0392159.0_2024_11_1,29,29,0,1,rc_open
1035,7330.0392159.0,7330.0392159.0_2025_2_2,42,42,0,2,rc_open
1036,7331.0392159.0,7331.0392159.0_2023_9_2,29,29,0,2,rc_open
1037,7370.0401430.0,7370.0401430.0_2022_12_2,39,39,0,6,rc_preg
1038,7370.0401430.0,7370.0401430.0_2022_8_1,36,36,0,2,rc_open
1039,7437.0392159.0,7437.0392159.0_2023_4_2,38,38,0,3,rc_preg
1040,7442.0392159.0,7442.0392159.0_2023_11_1,29,29,0,2,rc_open
1041,7457.0392159.0,7457.0392159.0_2023_11_1,36,36,0,2,rc_open
1042,7460.0392159.0,7460.0392159.0_2023_10_1,35,35,0,2,rc_open
1043,7469.0401430.0,7469.0401430.0_2022_5_1,36,36,0,2,rc_open
1044,753.0401430.0,753.0401430.0_2025_6_2,40,40,0,4,rc_preg
1045,7565.0392159.0,7565.0392159.0_2025_1_5,29,29,0,2,rc_loss
1046,7569.0392159.0,7569.0392159.0_2024_12_1,36,36,0,2,rc_open
1047,7575.0392159.0,7575.0392159.0_2023_8_4,36,36,0,3,rc_open
1048,7606.0401430.0,7606.0401430.0_2022_1_1,30,30,0,3,rc_loss
1049,7635.0401430.0,7635.0401430.0_2025_6_2,36,36,0,1,rc_open
1050,7663.0401430.0,7663.0401430.0_2025_7_1,36,36,0,2,rc_open
1051,7665.0392159.0,7665.0392159.0_2025_7_2,40,40,0,2,rc_open
1052,7668.0401430.0,7668.0401430.0_2025_6_3,36,36,0,1,rc_open
1053,7668.0401430.0,7668.0401430.0_2025_7_4,41,41,0,2,rc_open
1054,7716.0401430.0,7716.0401430.0_2022_8_1,41,41,0,3,rc_preg
1055,7732.0392159.0,7732.0392159.0_2025_3_6,36,36,0,2,rc_open
1056,7746.0392159.0,7746.0392159.0_2024_11_4,36,36,0,2,rc_open
1057,7746.0392159.0,7746.0392159.0_2024_9_3,36,36,0,2,rc_open
1058,7758.0392159.0,7758.0392159.0_2022_6_1,36,36,0,2,rc_open
1059,7798.0392159.0,7798.0392159.0_2023_8_2,36,36,0,3,rc_preg
1060,781.0401430.0,781.0401430.0_2023_5_1,37,37,0,2,rc_open
1061,7819.0401430.0,7819.0401430.0_2022_2_2,29,29,0,2,rc_open
1062,7882.0401430.0,7882.0401430.0_2023_5_3,35,35,0,3,rc_loss
1063,7917.0392159.0,7917.0392159.0_2024_9_4,36,36,0,2,rc_open
1064,7923.0401430.0,7923.0401430.0_2022_11_2,43,43,0,5,rc_preg
1065,7924.0392159.0,7924.0392159.0_2025_2_2,36,36,0,2,rc_open
1066,7939.0401430.0,7939.0401430.0_2021_11_1,70,70,0,3,rc_preg
1067,7943.0401430.0,7943.0401430.0_2022_2_1,28,28,0,3,rc_preg
1068,7948.0392159.0,7948.0392159.0_2024_8_1,43,43,0,3,rc_open
1069,7978.0392159.0,7978.0392159.0_2024_11_2,29,29,0,1,rc_open
1070,7980.0401430.0,7980.0401430.0_2025_1_3,35,35,0,3,rc_loss
1071,7989.0392159.0,7989.0392159.0_2024_10_2,35,35,0,3,rc_preg
1072,7989.0392159.0,7989.0392159.0_2024_8_1,36,36,0,2,rc_open
1073,7995.0392159.0,7995.0392159.0_2024_10_2,36,36,0,2,rc_open
1074,7997.0392159.0,7997.0392159.0_2024_12_1,36,36,0,3,rc_open
1075,8001.0392159.0,8001.0392159.0_2025_2_3,36,36,0,2,rc_open
1076,80032.0392159.0,80032.0392159.0_2024_12_4,29,29,0,4,rc_loss
1077,80122.0392159.0,80122.0392159.0_2023_1_1,35,35,0,2,rc_open
1078,8021.0392159.0,8021.0392159.0_2024_11_1,42,42,0,4,rc_loss
1079,8027.0392159.0,8027.0392159.0_2024_8_1,29,29,0,3,rc_open
1080,8050.0401430.0,8050.0401430.0_2023_3_3,39,39,0,1,rc_open
1081,8050.0401430.0,8050.0401430.0_2023_5_4,37,37,0,1,rc_open
1082,8052.0392159.0,8052.0392159.0_2024_12_1,29,29,0,2,rc_open
1083,8053.0401430.0,8053.0401430.0_2023_4_2,36,36,0,2,rc_open
1084,80862.0392159.0,80862.0392159.0_2022_12_1,49,49,0,2,rc_preg
1085,80923.0392159.0,80923.0392159.0_2024_8_3,29,29,0,2,rc_open
1086,80984.0392159.0,80984.0392159.0_2024_8_2,36,36,0,1,rc_open
1087,81042.0392159.0,81042.0392159.0_2023_3_3,29,29,0,2,rc_open
1088,8105.0392159.0,8105.0392159.0_2024_10_2,36,36,0,2,rc_open
1089,81083.0392159.0,81083.0392159.0_2023_8_1,29,29,0,2,rc_open
1090,8112.0401430.0,8112.0401430.0_2022_5_1,39,39,0,3,rc_open
1091,81150.0392159.0,81150.0392159.0_2023_5_3,29,29,0,2,rc_open
1092,81159.0392159.0,81159.0392159.0_2023_6_2,33,33,0,2,rc_open
1093,81159.0392159.0,81159.0392159.0_2023_8_3,35,35,0,2,rc_open
1094,8116.0392159.0,8116.0392159.0_2024_11_1,42,42,0,2,rc_open
1095,8123.0392159.0,8123.0392159.0_2025_1_4,36,36,0,3,rc_preg
1096,813161.0401430.0,813161.0401430.0_2025_7_1,36,36,0,2,rc_open
1097,8137.0401430.0,8137.0401430.0_2022_1_1,28,28,0,1,rc_open
1098,8141.0392159.0,8141.0392159.0_2024_10_1,29,29,0,1,rc_open
1099,8190.0401430.0,8190.0401430.0_2023_5_3,36,36,0,1,rc_open
1100,8215.0392159.0,8215.0392159.0_2024_12_1,29,29,0,2,rc_open
1101,8223.0392159.0,8223.0392159.0_2025_3_2,37,37,0,2,rc_open
1102,8287.0401430.0,8287.0401430.0_2023_9_3,38,38,0,1,rc_open
1103,8322.0392159.0,8322.0392159.0_2024_8_5,43,43,0,3,rc_preg
1104,8322.0392159.0,8322.0392159.0_2025_7_6,36,36,0,2,rc_open
1105,8323.0392159.0,8323.0392159.0_2025_3_1,29,29,0,2,rc_open
1106,8337.0392159.0,8337.0392159.0_2025_2_1,43,43,0,2,rc_open
1107,8375.0392159.0,8375.0392159.0_2025_2_1,30,30,0,1,rc_open
1108,8391.0392159.0,8391.0392159.0_2025_3_1,36,36,0,4,rc_loss
1109,8420.0401430.0,8420.0401430.0_2021_12_1,31,31,0,2,rc_open
1110,8423.0401430.0,8423.0401430.0_2022_4_2,29,29,0,2,rc_open
1111,8426.0401430.0,8426.0401430.0_2021_12_1,69,69,0,2,rc_preg
1112,8426.0401430.0,8426.0401430.0_2023_3_2,42,42,0,6,rc_preg
1113,8436.0392159.0,8436.0392159.0_2025_8_3,38,38,0,2,rc_open
1114,8446.0392159.0,8446.0392159.0_2025_5_1,36,36,0,2,rc_open
1115,8502.0392159.0,8502.0392159.0_2025_5_1,36,36,0,2,rc_open
1116,858.0392159.0,858.0392159.0_2023_8_3,29,29,0,5,rc_loss
1117,8601.0401430.0,8601.0401430.0_2021_12_1,28,28,0,3,rc_preg
1118,8601.0401430.0,8601.0401430.0_2025_7_5,35,35,0,8,rc_preg
1119,8605.0401430.0,8605.0401430.0_2023_2_2,36,36,0,2,rc_open
1120,8622.0401430.0,8622.0401430.0_2022_10_2,36,36,0,3,rc_open
1121,863.0392159.0,863.0392159.0_2022_12_2,29,29,0,2,rc_open
1122,863.0392159.0,863.0392159.0_2025_7_7,36,36,0,2,rc_open
1123,8631.0392159.0,8631.0392159.0_2022_5_1,29,29,0,3,rc_open
1124,8658.0401430.0,8658.0401430.0_2022_1_1,40,40,0,1,rc_open
1125,8684.0401430.0,8684.0401430.0_2022_2_1,28,28,0,3,rc_open
1126,8716.0401430.0,8716.0401430.0_2021_11_1,66,66,0,2,rc_preg
1127,8723.0401430.0,8723.0401430.0_2021_11_1,64,64,0,2,rc_preg
1128,8735.0401430.0,8735.0401430.0_2021_12_1,70,70,0,2,rc_preg
1129,874.0392159.0,874.0392159.0_2023_5_3,39,39,0,4,rc_preg
1130,8748.0401430.0,8748.0401430.0_2022_11_1,37,37,0,2,rc_open
1131,8752.0401430.0,8752.0401430.0_2022_6_5,38,38,0,2,rc_preg
1132,8759.0401430.0,8759.0401430.0_2023_2_2,37,37,0,3,rc_open
1133,8764.0401430.0,8764.0401430.0_2023_5_2,41,41,0,3,rc_preg
1134,8776.0401430.0,8776.0401430.0_2023_6_4,40,40,0,2,rc_open
1135,8777.0401430.0,8777.0401430.0_2023_1_2,38,38,0,1,rc_open
1136,8783.0401430.0,8783.0401430.0_2022_1_1,28,28,0,3,rc_loss
1137,8838.0401430.0,8838.0401430.0_2023_1_2,36,36,0,2,rc_open
1138,8840.0401430.0,8840.0401430.0_2022_5_2,35,35,0,2,rc_open
1139,8873.0401430.0,8873.0401430.0_2022_2_1,28,28,0,2,rc_open
1140,8873.0401430.0,8873.0401430.0_2023_5_4,40,40,0,5,rc_loss
1141,8876.0401430.0,8876.0401430.0_2022_2_1,28,28,0,1,rc_open
1142,8908.0401430.0,8908.0401430.0_2023_1_3,49,49,0,3,rc_open
1143,8912.0401430.0,8912.0401430.0_2023_7_1,37,37,0,2,rc_open
1144,8914.0401430.0,8914.0401430.0_2023_8_2,36,36,0,1,rc_open
1145,892.0392159.0,892.0392159.0_2022_11_2,36,36,0,1,rc_open
1146,8930.0401430.0,8930.0401430.0_2022_9_1,36,36,0,2,rc_open
1147,8933.0401430.0,8933.0401430.0_2024_8_4,37,37,0,1,rc_open
1148,8935.0401430.0,8935.0401430.0_2023_5_1,37,37,0,2,rc_open
1149,8938.0401430.0,8938.0401430.0_2023_8_2,36,36,0,2,rc_open
1150,8943.0401430.0,8943.0401430.0_2023_8_3,36,36,0,2,rc_open
1151,8943.0401430.0,8943.0401430.0_2025_4_9,35,35,0,2,rc_open
1152,8954.0401430.0,8954.0401430.0_2022_1_1,28,28,0,2,rc_loss
1153,8959.0401430.0,8959.0401430.0_2024_7_3,47,47,0,4,rc_open
1154,8975.0401430.0,8975.0401430.0_2023_8_4,39,39,0,3,rc_open
1155,8997.0401430.0,8997.0401430.0_2022_9_1,36,36,0,1,rc_open
1156,9008.0401430.0,9008.0401430.0_2022_10_1,41,41,0,5,rc_preg
1157,9009.0392159.0,9009.0392159.0_2022_8_1,79,79,0,2,rc_open
1158,9009.0392159.0,9009.0392159.0_2025_1_3,29,29,0,2,rc_open
1159,9009.0401430.0,9009.0401430.0_2023_1_2,36,36,0,5,rc_open
1160,9015.0401430.0,9015.0401430.0_2022_8_2,40,40,0,6,rc_preg
1161,9016.0401430.0,9016.0401430.0_2023_2_2,40,40,0,3,rc_open
1162,9026.0392159.0,9026.0392159.0_2023_3_2,42,42,0,4,rc_open
1163,9026.0392159.0,9026.0392159.0_2024_11_4,36,36,0,1,rc_open
1164,9034.0392159.0,9034.0392159.0_2022_10_1,45,45,0,1,rc_open
1165,9035.0392159.0,9035.0392159.0_2022_11_1,33,33,0,1,rc_open
1166,904.0392159.0,904.0392159.0_2022_6_1,36,36,0,1,rc_open
1167,9048.0392159.0,9048.0392159.0_2022_12_1,29,29,0,2,rc_open
1168,9051.0392159.0,9051.0392159.0_2023_7_1,36,36,0,3,rc_open
1169,9055.0392159.0,9055.0392159.0_2022_10_1,38,38,0,1,rc_open
1170,9083.0401430.0,9083.0401430.0_2022_1_1,31,31,0,2,rc_loss
1171,9083.0401430.0,9083.0401430.0_2023_5_3,37,37,0,3,rc_open
1172,9084.0401430.0,9084.0401430.0_2024_10_4,35,35,0,3,rc_loss
1173,9085.0401430.0,9085.0401430.0_2022_8_1,35,35,0,2,rc_open
1174,9089.0401430.0,9089.0401430.0_2022_7_1,35,35,0,6,rc_preg
1175,909.0401430.0,909.0401430.0_2025_5_2,45,45,0,2,rc_open
1176,9094.0392159.0,9094.0392159.0_2022_3_1,29,29,0,1,rc_open
1177,9094.0392159.0,9094.0392159.0_2022_5_2,38,38,0,3,rc_preg
1178,9104.0401430.0,9104.0401430.0_2022_7_2,38,38,0,2,rc_open
1179,9137.0401430.0,9137.0401430.0_2022_12_2,37,37,0,2,rc_open
1180,9155.0401430.0,9155.0401430.0_2022_10_1,36,36,0,5,rc_preg
1181,9166.0401430.0,9166.0401430.0_2023_6_3,37,37,0,2,rc_open
1182,91677.0392159.0,91677.0392159.0_2022_4_1,41,41,0,2,rc_open
1183,9180.0401430.0,9180.0401430.0_2022_1_1,31,31,0,2,rc_open
1184,9190.0401430.0,9190.0401430.0_2023_8_3,36,36,0,3,rc_open
1185,9194.0401430.0,9194.0401430.0_2023_8_4,36,36,0,2,rc_open
1186,9199.0401430.0,9199.0401430.0_2023_2_2,40,40,0,4,rc_preg
1187,9247.0401430.0,9247.0401430.0_2023_6_2,37,37,0,2,rc_open
1188,9266.0401430.0,9266.0401430.0_2023_8_2,36,36,0,1,rc_open
1189,9266.0401430.0,9266.0401430.0_2024_9_4,36,36,0,3,rc_open
1190,9268.0401430.0,9268.0401430.0_2021_12_1,33,33,0,5,rc_loss
1191,9317.0401430.0,9317.0401430.0_2022_5_1,43,43,0,5,rc_preg
1192,9340.0401430.0,9340.0401430.0_2021_12_1,35,35,0,2,rc_open
1193,9340.0401430.0,9340.0401430.0_2022_2_2,28,28,0,2,rc_open
1194,9346.0401430.0,9346.0401430.0_2022_10_2,35,35,0,2,rc_open
1195,9372.0401430.0,9372.0401430.0_2021_12_1,68,68,0,2,rc_preg
1196,9378.0401430.0,9378.0401430.0_2025_4_3,35,35,0,8,rc_open
1197,9389.0401430.0,9389.0401430.0_2021_12_1,70,70,0,2,rc_preg
1198,9404.0401430.0,9404.0401430.0_2021_11_1,64,64,0,3,rc_preg
1199,9404.0401430.0,9404.0401430.0_2022_11_3,41,41,0,5,rc_preg
1200,9428.0401430.0,9428.0401430.0_2024_7_3,71,71,0,2,rc_preg
1201,94310.0392159.0,94310.0392159.0_2023_6_1,40,40,0,4,rc_preg
1202,9461.0401430.0,9461.0401430.0_2023_6_3,37,37,0,1,rc_open
1203,9461.0401430.0,9461.0401430.0_2023_7_4,40,40,0,3,rc_open
1204,9536.0401430.0,9536.0401430.0_2022_9_1,36,36,0,1,rc_open
1205,954.0392159.0,954.0392159.0_2022_7_1,32,32,0,2,rc_open
1206,9584.0401430.0,9584.0401430.0_2022_11_2,39,39,0,2,rc_open
1207,968.0401430.0,968.0401430.0_2024_11_3,39,39,0,1,rc_open
1208,968.0401430.0,968.0401430.0_2025_1_4,43,43,0,5,rc_preg
1209,96958.0392159.0,96958.0392159.0_2022_5_1,31,31,0,2,rc_open
1210,97016.0392159.0,97016.0392159.0_2022_6_1,29,29,0,2,rc_open
1211,97072.0392159.0,97072.0392159.0_2022_6_1,29,29,0,3,rc_preg
1212,9718.0401430.0,9718.0401430.0_2023_10_2,36,36,0,3,rc_open
1213,9723.0401430.0,9723.0401430.0_2022_10_2,35,35,0,3,rc_preg
1214,9724.0401430.0,9724.0401430.0_2025_3_4,35,35,0,2,rc_open
1215,9727.0401430.0,9727.0401430.0_2022_8_2,42,42,0,2,rc_open
1216,9732.0401430.0,9732.0401430.0_2025_3_4,40,40,0,1,rc_open
1217,9748.0401430.0,9748.0401430.0_2023_11_4,36,36,0,2,rc_open
1218,9773.0401430.0,9773.0401430.0_2025_4_3,37,37,0,2,rc_open
1219,9810.0401430.0,9810.0401430.0_2023_3_2,41,41,0,2,rc_open
1220,9862.0401430.0,9862.0401430.0_2022_1_1,28,28,0,2,rc_loss
1221,9872.0401430.0,9872.0401430.0_2021_12_1,64,64,0,2,rc_preg
1222,9891.0401430.0,9891.0401430.0_2023_8_2,39,39,0,2,rc_open
1223,9895.0401430.0,9895.0401430.0_2022_3_2,29,29,0,2,rc_open
1224,9932.0401430.0,9932.0401430.0_2023_7_3,35,35,0,3,rc_open
1225,9933.0401430.0,9933.0401430.0_2024_7_3,77,77,0,2,rc_preg
1226,9941.0401430.0,9941.0401430.0_2022_4_1,36,36,0,2,rc_open
1227,9949.0401430.0,9949.0401430.0_2023_11_7,38,38,0,2,rc_preg
1228,9976.0401430.0,9976.0401430.0_2022_4_2,26,26,0,2,rc_preg
1229,9997.0401430.0,9997.0401430.0_2022_10_1,36,36,0,1,rc_open
1230,9998.0401430.0,9998.0401430.0_2022_7_2,41,41,0,8,rc_preg
1231,999968.0401430.0,999968.0401430.0_2022_7_1,49,49,0,2,rc_preg
